number,feeling,Tweet
7.81E+17,positive,إطلالة أنيقة وانثوية من مجموعة غوتشي لخريف/شتاء 2016 https://t.co/2MG7282hjh https://t.co/9p5a6bIAk7
7.81E+17,neutral,أخر صيحة من حقائب اليد من فندي وغوتشي https://t.co/x6lG3LrC37#فندي #غوتشي #بنات_الخبر
7.81E+17,positive,تتشرف #باري_غاليري بدعوتكم لحضور ومقابلة #نجوى_محمد #خبيرة_التجميل عند نقطة بيع مستحضرات تجميل #غوتشي يوم 30 سبتمبر… https://t.co/BZR1cRfaa1
7.82E+17,neutral,RT @ArabRapMonster: [ستايل]بنطال #نامجون الجينز لصور #WINGS كان بسعر 815 جنيه استرليني من ماركة غوتشي-GUCCIما يعادل3980 ريال سعودي https:…
7.82E+17,neutral,"RT @wufan_styleee: 160930 كريس في The Amazing Idolازياء كريس جميعها من بربري من المجموعه الاخيره،حذاءه من اديداس اوريجنال ونظارته من غوتشي…"
7.82E+17,neutral,تعرفي على حذاء #غوتشي الذي يجمع بين الكعب العالي والمسطحعبر الرابط https://t.co/i9W8OUykn9 https://t.co/TtUPpnAbkc
7.82E+17,positive,غوتشي فلورا الأسود فخم  💕💕💕💕 https://t.co/PPbGl9BVgF
7.82E+17,neutral,غوتشي 💕 https://t.co/vR5sY36zdA
7.82E+17,positive,مهما بلغت لحاجة وخلقنة غوتشي الا انها مازالت اشيائها انيقة 
7.82E+17,positive,"@F__y1 افضل الافلام اللي شفتهم للاشهب حقك  كيتس /ماين بريم كي ديواني هون/كابهي غوتشي كابهي قام ، بالذات دوره في ماين بريم جممميلو😍"
7.82E+17,neutral,اطقم نسائي  ماركة غوتشي مع 3 اساور و 3 دبل مع علبة وكرت الماركة السعر 260ريال. https://t.co/dGdWjihX3R
7.82E+17,neutral,اطقم نسائي  ماركات غوتشي و شانيل وشو بارد مع 3 اساور و 3 دبل السعر 260 ريال.للطلب عالواتس 0583128455 https://t.co/P1vDkDyYxf
7.82E+17,positive,@XHananMo غير غوتشي ماحط
7.82E+17,neutral,٣٥٠ ريال جده باقي المدن شحن #شنط_فندي_بولغاري_غوتشي_روبرتو_كفالي #شنط_فندي #شنط_تقليد_درجه_اولى #شنط_بنات_الجامعة… https://t.co/Hjv4Zxy2tn
7.82E+17,positive,@Sw6PQNJ1lidhlUR 😂😂😂😂😂😂ماشي شي جديد غوتشي غوتشي
7.83E+17,positive,RT @SouqKSA: #هلا_بك أكثر من 1000 عرض على مزاجكعطر غوتشي جلتي بلاك للنساء بـ 193 ريالتسوق --> https://t.co/FuZdDXvpVX https://t.co/47oUzZ…
7.83E+17,neutral,بهذه الخطوات تطبقين #مكياج #غوتشي لموسم خريف شتاء 2016 / 2017موقع #حياتيhttps://t.co/rnIJwyeuX4#راح_نفلسكم_٢… https://t.co/KjOQDBF6oJ
7.83E+17,positive,اخر صيحات الموضة حقائب غوتشي لربيع 2017 https://t.co/qj3ypzjeXY https://t.co/2sw8IlYMau
7.83E+17,positive,@12Looshi يالبيه بس غوتشي غوتشي
7.83E+17,neutral,@iiSaxed10 تالله انها لا تساوي شيء من نظارتي غوتشي
7.83E+17,neutral,"غوتشي"" تطلق مجموعتها الجديدة من الأزياء الرجالية الجديدة https://t.co/pqQBeG6ih1#Gucci https://t.co/hEioppZTwL"""
7.83E+17,neutral,غوتشي. https://t.co/ApDuMxRdMX
7.83E+17,neutral,"#السعووديات_مرهلاتساعات نسائيه ماركة غوتشي،مع الاساور والخواتم وكرت الضمان فقط بـ250 ريال https://t.co/UwHO829lIX"
7.83E+17,neutral,طقم #غوتشي #نخب_اول #صناعة_تركية #للطلب_التواصل_عالواتس_أو_الدايركت_للجادين_فقط ٠٥٣٦٠١١٥٥٩ https://t.co/w6by42NFux
7.83E+17,neutral,@icyfits أمزح اسمه غوتشي الجينز
7.83E+17,positive,RT @talal1922: #احلي_عطر_تنصحنا_فيه باي غوتشي
7.83E+17,neutral,@d4iyaan @lmaoforza مرحبا أخي أنا مارس الجنس الكلبة الخاص في بعض الوجه يتخبط غوتشي
7.83E+17,neutral,RT @d4iyaan: @LIGHTSKINNlGGER @lmaoforza والله أريد غوتشي نعال ولكن والدتي ربما ضرب لي معهم
7.84E+17,neutral,@Samar__Sayed غوتشي
7.84E+17,positive,@WIICIl ساعات غوتشي تهبّل شوفيهم عند الحميضي و اشكالهم بسيطه وحلوه ❤️
7.84E+17,positive,#غوتشي للنساءالسلعة:https://t.co/ohL0VT1oElثقف من حولك🔃الجمال بلا فضيلة كالزهرة بلاريحة.#زد_فرصتك4… https://t.co/oHQ9v9gSzF
7.84E+17,negative,انا قد قلت لكم ان غوتشي بدت تستهبل قلت والا ماقلت ماش ضاعت هيبتها 🚶🏿 https://t.co/UmoEQlZrTf
7.84E+17,neutral,RT @SayidatyAzya: #كايت_بلانشيت ترتدي من تصميم #غوتشيخلال #أسبوع_الموضة https://t.co/lmd4nIBNjV#CateBlanchett#GUCCI #SS17 https://t.co/…
7.84E+17,neutral,@n_30s هارا غوتشي مكتوب اسمه
7.84E+17,positive,RT @best_perfume: عطر فلورا غوتشي ١٩٦٦  عطر عبير الازهار التي تجمع بين الأناقة والانوثة    550277780 (966+) https://t.co/C87dlDXoq7
7.84E+17,neutral,@lifewithayout اهيه الي مسويه اكونت غوتشي امس اتوقع!
7.84E+17,neutral,@Roation غوتشي .. صباح النور
7.84E+17,positive,م حبيت الموديلات .. بس اهتمامهم ب ادق تفاصيل الفنشنق م اقدر اتجاهلو•#فاشن #غوتشي #الرياض #جدة #الخبر #الدوحة #دبي… https://t.co/MiNw9nYsVe
7.84E+17,neutral,@omgitsDEW غوتشي 😍😍😄😄
7.84E+17,neutral,RT @AL_JALAL2000: @yousefalawnah اي غوتشي ...هذي معمم شعبولا ..
7.84E+17,neutral,شاهدي أبرز تساريح الشعر في عرض غوتشي لربيع وصيف 2017بالصور https://t.co/jn4AahXTrt https://t.co/yvuDG1i6gM
7.85E+17,neutral,RT @yousefalawnah: معمم آخر موديل شغل غوتشي😂😂😂 https://t.co/F2mOrNE1Pj
7.85E+17,neutral,Gucci _ Gucci هو من أطلق ماركة غوتشي وذلك عام 1906 حيث بدأ بشركة صغيرة تصنّع الجلديات ليطلق… https://t.co/QAI4cAMeis
7.85E+17,negative,@sadona_batoga غوتشي ام جيفنشي! هيا ابتعدي هناك
7.85E+17,neutral,"#Echomoda “كيت بلانشيت” أول من ترتدي “غوتشي” 2017: قبل أن يسدل أسبوع باريس ستاره، كانت ... https://t.co/xEozjwxY63 #ازياء #فاشن"
7.85E+17,positive,ثاني احلى شي بالحياه هو ان هاري يلبس بدل من ماركه غوتشي😍 https://t.co/c3kQqs7MPU
7.85E+17,neutral,ليون و واكا شكلهم عادي ساتوري يمكن تكون شخصيته رهيبة 🤔اما غوتشي شكله بثرررررر https://t.co/SZf0l4ewvj
7.85E+17,positive,"قبل أن يسدل #أسبوع_الموضة ستاره، انتقت النجمة #CateBlanchett أنسامبل بغاية الأناقة من #Gucci، ما رأيك بإطلالتها؟https://t.co/KCuiHd2g9d"
7.85E+17,positive,شوفو كيف شكله كيوت اغوتشي غوتشي يااااا
7.85E+17,neutral,@ipuct غوتشي غوتشي طويله اكتبيها كذا اقصر واسهل قوجي قوجي
7.85E+17,neutral,@HanyaElHosienyy غوتشي
7.85E+17,positive,RT @MarkaVIP: ادخل عالمًا من الأناقة والجودة الإيطالية مع غوتشيتسوّق الآن: https://t.co/EXjKjBAzIN#ماركة #قوتشي #الخليج #احذية #تسوق #Mar…
7.85E+17,neutral,@samyaahmed12 @safwatmagdy1 لما تكبري يا كتكوتة شوية هتيجبي اضعافهم غوتشي غوتشي غوتشي
7.85E+17,positive,"RT @mairam100: اللي فوق مصممة أميركية، تمنح الأحذية النايك لمسة أنثوية. هذا حسابها في انستا تقدروا توصوها. @gymprincesscustomsاللي تحت غو…"
7.85E+17,neutral,“كيت بلانشيت” أول من ترتدي “غوتشي” 2017https://t.co/woklXgiCT2
7.85E+17,positive,#Echomoda “بيونسيه” وابنتها بأناقة “غوتشي” “ولوران”: حقائب “غوتشي” Gucci تفضلها المشاهي... https://t.co/GP46cMFxv5 #ازياء #فاشن
7.85E+17,positive,“بيونسيه” وابنتها بأناقة “غوتشي” “ولوران” https://t.co/Xhmx9So4jS
7.85E+17,neutral,الزباله vs غوتشي. https://t.co/aY4qq5BcNm
7.85E+17,negative,@ar_stylish مقارنة بسعرها مافيها شيء مميز ابداً أو غريب غير كذا مو ستايل غوتشي أقرب لمارك جاكوب
7.85E+17,neutral,كبرتي يا بطة وطلعلك شنب وبقيتي بتقولي حكم.. غوتشي.
7.85E+17,positive,"#غوتشي فلورا"" النسائيمع نغمات عطرية أكثر عمقاً وجاذبيةاحصلي عليه من #نقطة_الأناقة الآن في #أملج https://t.co/bM0GjfImCN"""
7.86E+17,positive,RT @maryem511: @Q8Pay انا شريت منه الموقع مضمون وعطوره اصليه حتى من باب التجربه جبت عطر tester وطلبت عطر غوتشي تغليف هديه عشان اشوف تغليفهم…
7.86E+17,positive,"عطر غوتشي بامبو"" الجديد يحاكي الطيور: عطر غوتشي بامبو باطلالة جديدة. بعد أن قامت النجمة غال غادوت، بطلة ""وند... https://t.co/Hz9BGzJ9tv"""
7.86E+17,positive,"RT @souq: انثر عبيرك في الأجواء واجعله مصدر جاذبيتك مع عطور غوتشي، دولتشي آند غابانا، غيس، بلغري وأكثر > https://t.co/P068Fztqvp https://t.…"
7.86E+17,neutral,النجمة #Beyonce اختارت لطفلتها الصغيرة #حقيبة من #Guccihttps://t.co/p5va3FwYZJ#موضة #ازياء #اطفال#Fashion #Children #Bag
7.86E+17,positive,خلال المناظرة الرئاسية.. #ميلانيا_ترامب تتألق بتصميم باهظٍ من #غوتشيhttps://t.co/AKFAD9IXA9#فوشيا #مشاهير https://t.co/C0ScnwhN8S
7.86E+17,positive,"عطر غوتشي بامبو"" الجديد يحاكي الطيور https://t.co/F9PRduoecU https://t.co/eGRH39QeLq"""
7.86E+17,negative,RT @a10892944: انتي ممحونه انتي .. انتي تنزلي صور ولاد وتقولي هييييح انتي 😂غوتشي غوتشي غوتشي 😁
7.86E+17,neutral,ڤالنتينو كيوت وناعم. الباقيين ما أخسر فيهم ريال قديم 😳تحديداً غوتشي ! ماهذا يا بيونسيه ؟ https://t.co/szjADT1gmR
7.86E+17,positive,@hamd2027  وتدري ان خاطري بجنطة شانيل معاها جنطة غوتشي مع جوتيها  وبوك من لويس فيتون ...
7.86E+17,positive,ملوك الاناقه والفخامة طبعاا قميص غوتشي لابس تاي تاي😊😀😀 https://t.co/l61kPhg9Tj
7.85E+17,positive,"RT @AJArabic: شركة #غوغل تسجل دخولا قويا في عالم الهواتف الذكية بإطلاقها بكسل"" الذي تفرد بكاميرته الأفضل بالمقارنة مع منافسيه https://t.co…"""
7.85E+17,neutral,RT @jordanSw306: @aqsaitis @StillNader @watany1974 @ibsle86 مش عارفة انا بدور ع غوغل لما بحتاج وبعمل كوبي بيستهو وعلم الاردن مش بكي بوردتي
7.85E+17,positive,‘غوغل واي فاي’… إنترنت سريع لأرجاء المنزل https://t.co/J0CJOsczah
7.85E+17,neutral,#معلومة_بسيطة#التحميل من #جوجل بلاي بسهولةمعظمنا يعاني من مشكلة الحظر الذي تفرضه غوغل على بعض المزودات السورية... https://t.co/DaKlCwiz6j
7.85E+17,neutral,"#عاجل غوغل تتحكم في بيوت الناس - أعلنت شركة غوغل"" عن جهازها الجديد ""غوغل هوم""، وهو عبارة عن جهاز للتحكم الصوتي... https://t.co/5dCsEnSlwf"""
7.85E+17,neutral,غوغل تتحكم في بيوت الناس https://t.co/JyHGY1ZQBh
7.85E+17,positive,من قال بأن غـوغل ليست شركة رائعة ؟ https://t.co/L6IgdaJKom
7.85E+17,neutral,@tf_77x يمدحون غوغل يقولون مايخش شي
7.85E+17,neutral,حط على غوغل كلمة حلب بيطلعلك بس مباشر بتلاقي واقف تحت صاروخ جط على غوغل قصف طائرات التحالف العربي السعودي صالة... https://t.co/uYZHvoTflU
7.85E+17,negative,@MahboulDZ4 واشبيك انت عمي غوغل وما قدرش يجاوب على هذا السؤال
7.85E+17,neutral,موقع لمعرفة جميع الأوامر الصوتية في غوغل ناوhttps://t.co/GwHA7sVJ0F
7.85E+17,negative,@MahboulDZ4 هاذو حمير ما حبوش يتحولو لسمكات ففضلو الانسحاب هذا السؤال جاوبني عليه غوغل
7.85E+17,neutral,اخترنا لكم ::: انفصال أنجلينا جولي عن زوجها يسحق الجنس في غوغل https://t.co/xw1O7PB38B
7.85E+17,negative,"#بساط_أحمدي لا تندهش إذا صادفت في سورية متثيقف له مريدين ، .. عفش"" بضعة كليمات ومعلومات ثقافية من عمك "" غوغل""... https://t.co/G3Djor4iNL"""
7.85E+17,neutral,5 أسئلة احذر أن تسأل غوغل عنها !!!! HDhttps://t.co/t4l7QKNFXP
7.85E+17,positive,على ما يبدو.. المنازل ستصبح ذكية هي الأخرى! وهذا ما تقدمه لك #غوغل لتحصل على هذه الميزة الحديثةhttps://t.co/HSd5fQABuL#أخبار#تكنولوجيا
7.85E+17,positive,"RT @20fourMedia: #غوغل تُطلق حملة إعلانية ضخمة لهاتفها الجديد بيكسل""https://t.co/QtUma3Pzgh https://t.co/lMqtjEyOPw"""
7.85E+17,positive,"RT @Imlebanonnews: ميزة من  #غوغل"" لن تتوفّر في الأندرويد #تكنولوجيا - https://t.co/pF3MjmWoTn https://t.co/7vAcjGeO2B"""
7.85E+17,neutral,RT @nbnlebanon: ميزة في هاتف #غوغل تكشف “ابتزاز #أبل”https://t.co/CGMzbF0T0E https://t.co/LGQ0loknNb
7.85E+17,neutral,RT @dcgy12: غوغل لا تعيّن أحدًا فوق الـ40 عامًا للعمل لديها https://t.co/28m5DjS6Lf
7.85E+17,positive,RT @Joe_HAWA1: رئيسة يوتيوبكانت حامل بأول ولد عندما انضمت الى غوغلوأنجبت أصغرهم بعدماأصبحت رئيسةيوتيوبغوغل انطلق من كاراج منزلها https:/…
7.85E+17,neutral,RT @Sultan_Batawi: وخوذة VR للواقع الافتراضي من #غوغل #Daydream  سعرها 70$ بعدة ألوان من تلبيسة قماشية رمادية أو قرمزية أو فضية #MadeByGoog…
7.85E+17,positive,"جوجل و ما الجديد ؟!: دخلت شركة غوغل مرحلة جديدة في منتجاتها الإلكترونية الاستهلاكية، بالإعلان عن جملة من الأج... https://t.co/mgbf9XRUPL"
7.85E+17,neutral,دشت علي وحدة كورية تقول شن جق جون جوم بق بققق ترجمة غوغل تقول منو هايا من ياعرب منج لله يا شهد
7.85E+17,neutral,@sallyagaa @DramaMemories ليش 😞😞طيب ادخل ع غوغل تلاقي بي
7.85E+17,neutral,"كنت أعتقد أن خدمة غوغل ترجمة"" سيئة جدًا إلى أن جربت ""بينغ"". ملك جمال الترجمة #غوغل 😅"""
7.85E+17,positive,كينيا دولة سياحية جميلة يسافر لها ملايين السياح من مختلف دول العالم .. أدخل غوغل وشوف https://t.co/wfWFh0jurM
7.85E+17,positive,جديد “غوغل”.. جزيئات “نانو” لتشخيص أمراض السرطان https://t.co/isFdThmvo0
7.85E+17,negative,@habebroh4 @NeroSRKgirl  ياسيدتي مستر غوغل لا يترجم كل شيء بدقة
7.85E+17,neutral,خرائط غوغل تلتقط صورة لوحش عملاق في اعماق المحيطhttps://t.co/c5OdXDEWLt
7.85E+17,neutral,RT @torshany: اعلان غوغل #GoogleMaps دليلك لحرب المناطق والشوارع والأحياء في #ليبيا
7.85E+17,positive,RT @kubrick9_: الحسين رضي الله عنه كان سابق عصره ويستخدم غوغل مابس https://t.co/OiPLw4h02w
7.85E+17,neutral,@3zF_1991 😑 غوغل حقك تجميع شعيب الأرطاويه https://t.co/FA0Ybp5Sr9
7.85E+17,neutral,من كان مدرب اتلتيكو مدريد قبل مجيء دييغو سيميوني ؟ و كم بقي مع الفريق ؟ (ادري ان اغلبية ستستعمل غوغل) =D
7.85E+17,neutral,@hashim_m21 تعترف و تفتخرافضحك في غوغل بلاس او لا!!! https://t.co/nTAE6X1Q4W
7.85E+17,neutral,@hashim_m21 اذا انت موافق 👿😈تعرف حسابي على غوغل بلاسو لا تقول نعم و تبلبل فقط https://t.co/nmgJDh7S56
7.85E+17,neutral,RT @DrOmaralmohamma: في معرض فرص العمل فن من فنون جذب العمالة .. كما لو كنت مع شركة غوغل في سابق عهدها #د_عمر_المحمد  #تدريب #استشارات #ت…
7.85E+17,positive,15 دقيقة لشحن هاتف غوغل الجديد ومميزات أخرى... #تكنولوجيا - #اخبار #معلومات https://t.co/v0JeJZIzm4
7.85E+17,neutral,RT @AxiTrader_ME: هل انتهت حفلة (فقاعة) #تويتر؟ تراجع 18% اليوم بعد تقرير عن عدم رغبة #غوغل بشراء الشركة #twitter https://t.co/j6Lerjf0Tz
7.85E+17,neutral,"#علوم_وتكنولوجياغوغل لا تعيّن أحدًا فوق الـ40 عامًا للعمل لديهاأقامت مجموعة من الباحثين عن عمل، وتفوق أعمارهم... https://t.co/jQoCRYsLaK"
7.85E+17,neutral,"@fezaru والله اني قاري في غوغل انه حلال"" 😂😂😂💔"""
7.85E+17,neutral,@AskAlmadinah بالهدا أمام جوازات فرع القديم. و استخدم غوغل ماب عشان تعرفي مكانها
7.85E+17,negative,RT @dotemirates: أسهم #تويتر تنخفض 20% بعد تراجع #غوغل و #ديزني عن الرغبة في شرائهhttps://t.co/1JXvKQ8cCI
7.85E+17,neutral,[Article] البديل لخدمة غوغل المنتهية https://t.co/BrKC8euRaX
7.85E+17,positive,@ali_hariri_93 غوغل مبدعة شي خراافي
7.85E+17,neutral,@SaudOdeh @nasserAlfadhly الكتاب نازل في غوغل دور تلاقيه
7.85E+17,positive,بحلول 2020.. غوغل تتوقع انتاج سيارة ذاتية القيادة: جهينة نيوز:رغم الصعوبات التي مازالت تواجهها أعلنت شركة غو... https://t.co/rgpbpwz8YR
7.85E+17,negative,@oamaz7 @KHALED_KJO @Abmalgarni اليمني ما استخدم خرايط غوغل والا كان صاد القاعدة!استخدم خرايط آيفون 😜😂😂😂
7.85E+17,neutral,معلومات عامة: المسافة التي يقطعها #بركان1 الى الطائف هي تقريبا نفسها التي ممكن يقطعها الى #الرياض ..و غوغل ارث يشهد بذلك 😀😀
7.85E+17,positive,مترجم: غوغل تعتزم بناء حاسوب خارق يفوق قدرات الحواسيب الحالية 100 مليون مرة #ساسة_بوستhttps://t.co/WIgvAS3O6J
7.85E+17,neutral,RT @AJArabic: هكذا أدخلت هذه الفتاة قريتها الصغيرة إلى خرائط غوغل https://t.co/Ez5sdhARVx
7.85E+17,positive,@MOU_st6 اذا تستعمل متصفح google chrome حمل اضافة addblock pro  اكتب في غوغل addblock chrome راح تهنيك من كل الاشهارات على اي موقع
7.85E+17,neutral,RT @ajplusarabi: غوغل من شركة تكنولوجية إلى منافس في سوق الهواتف الذكية. فهل تنجح؟ https://t.co/Hr4nYsg8wF
7.85E+17,neutral,@najlachi غوغل
7.86E+17,neutral,@Godphobia1 @3lya12 @mm__ss55 @usten_moon انصحك نصيحة صار لك في غرب وقت اذا لماذا لا تستعمل غوغل وتتحقق اذا الغرب لم يعزك فصدق حتى المريخ
7.86E+17,negative,#بالتأكيد  #الشيعه_في_خطر بسبب اتباعهم #ملالي_إيران_إجرام_باسم_الإسلام #عاشوراء  #ياحسين  #يازهراء  #اليمن_الآن… https://t.co/sNlMYBt1b6
7.86E+17,neutral,حتي غوغل شاهد...! https://t.co/5EdQLrnS0d
7.86E+17,neutral,غوغل واي-فاي وكروم كاست ألترا https://t.co/jsyBV90Hr9
7.86E+17,negative,"RT @mustafakamilm: أقسم بالله العظيمكتبت على #غوغل عبارة السفلة في #العراق"".فكانت هذه الصورة https://t.co/M07Ap8wqEy"""
7.86E+17,neutral,تطبيق خرائط غوغل Google maps للايفون برابط مباشر - #السعودية #قطر... https://t.co/8duBSwmqOX
7.86E+17,neutral,حدا فات ع غوغل و سأل قديش الشيعة بالعالم؟!قديش الشيعة بالهلال الشيعيقديش الشيعة بلبنانولى ولى ولى مين قارينا 😂😂😂😂😂😂😂
7.86E+17,positive,RT @Elaph: طيران الإمارات وغوغل يطلقان مبادرة تثقيفية   #طيران_الإمارات #غوغل  https://t.co/zfBZqiEPkW https://t.co/dR1aX9RtI5
7.86E+17,neutral,RT @amel_media: #خدمات_إعلانية_متكاملة بجميع مواقع التواصل #تسويق_إعلانات#حملات_إعلانية#فيسبوك #غوغل #أنستغرام  #نشر_إعلانك  #قروبات_وات…
7.86E+17,positive,RT @AlmightyWesker: #اغبي_سوال_كتبته_بقوقلما أكتب أسئلة غوغل استخدمه غالبا لإيجاد اغاني ما اعرفهاأكتب جملة لقطتها من الاغنية وهو يطلع لي…
7.86E+17,neutral,@alimohd_ali  اكتب في غوغل معنى شكوبي وستجد الشرح ض2
7.86E+17,negative,خطأ فادح لطفل صغير يكلف شركة غوغل 112 الف دولار https://t.co/J0N4K9BTRK
7.86E+17,neutral,تحميل جوجل كروم النسخة العربي – Download Googel Chrome – رابط تحميل غوغل كروم 2016 – تنزيل… https://t.co/CkBGisdMiP https://t.co/H4fTPG0Bz2
7.86E+17,positive,@Jordanian_AD هههههههههه انا استنى جوال غوغل الجديد يمكن يكسر الدنيا 😂😂😂
7.86E+17,neutral,"ما الذي تخبئه ويكيليكس"" لـ""غوغل""؟ - صحيفة فوارق الإلكترونية https://t.co/USx7JGUiph"""
7.86E+17,neutral,@LUHG18LUHG هذه حدثت في عهد ابن همام في عام ٢٠١١وبحث بسيط عبر غوغل ستجد الكثير والكثير! https://t.co/6HgVsydUO3
7.86E+17,positive,#غوغل تضع اللمسات الأخير لمتصفح #كروم_55 لتقليل استهلاك الذاكرة بـ50% -  https://t.co/k9pLdoWr4c https://t.co/KKiUqLSecI
7.86E+17,positive,شاهد دقة الـ 4K  مع كاميرا هاتف غوغل بيكسلhttps://t.co/9zHTOLtWEn
7.86E+17,neutral,#اخبار #تكنولوجيا هاتف “غوغل” الجديد يحتاج 15 دقيقة للشحن https://t.co/t94ytBdawj https://t.co/Mfi77LeFWD
7.86E+17,neutral,@Froggy090Girl  قروب مايمديك تختارين على كيفكالحريه بجلس اخربط فيها اكثر شيء يكتبون عنه اكتبيه في غوغل وابد  أنبشي بس لايكون قروب نفسي؟
7.86E+17,neutral,@ba07103e48b8473 @eltangerino @box_angham @Fatimasadia4 @linda43655916 يا سيدي وقتنا هذا لا يمكن فعل كوبي كولي لك غوغل لك المعلومة
7.86E+17,neutral,@eltangerino  @box_angham @linda43655916 اكيد لم ترى تقرير الصندوق الدولي عن الجزائر و صعود وتيرة النمو في الجزائر عكس المغرب غوغل 😉
7.86E+17,positive,#أونا| #غوغل تعرض هواتفها الجديدة بسعة تخزين لانهائيةالتفاصيل .. https://t.co/j8FIKzXEi5
7.86E+17,negative,فضيحة في سوريا بسبب غوغل تؤدي لطرد موظف كبيرhttps://t.co/IpzxvpS270
7.86E+17,positive,غوغل تعرض هواتفها الجديدة بسعة تخزين لانهائية https://t.co/yurQ0XuB4h https://t.co/OSYsJsYRvB
7.86E+17,neutral,"أنجلينا جولي تهرب من غوغل""!https://t.co/SZEPJmtQZf https://t.co/1mMWSZ2b26"""
7.86E+17,neutral,RT @Qadaaya: ثانوية #الملك_عبدالله في #الخرج تكشف أسرار #غوغل لطلابها -  https://t.co/mJicwxIO8o https://t.co/nTckqW3suE
7.86E+17,positive,@AhmadAlenezi1 @kwetihaa دخلت غوغل طلع كلامك عدل 🌹🌹🌹
7.86E+17,neutral,رغم ان الخلايجة بيقولو بريكينغ و انستقرام و غوغل بس اكتر ناس بيكونو مغطيين المسلسلات و معلوماتهم حاضرة و عاملين لجان شعبية لوالتر وايت
7.86E+17,neutral,@nowarkn سالي غوغل
7.86E+17,negative,@kinda18 لو شاطرة تفهمها او تروح للشيخ غوغل يترجمها بأهبل من هيك 😂😂😂😂
7.86E+17,positive,@saz1931 @UAE_Karak لو تحطون غوغل ماب له يمكن امر اجربه دام ٢٤ ساعة انا مااشتهي جباتي الا انصاص الليالي
7.86E+17,negative,@f32017 @Sesta_53 @AAeat9485 انقذوا اخوكم قبل البحث عن الخطا لانكم لن تجدوه في غوغل موساد اخر زمن ألقِ نظرة على تغريدة
7.86E+17,neutral,RT @alarabonline: إيفانكا ترامب تشغل الأميركيين على #غوغل#أولاين #أميركا #إيفانكا_ترامب #العرب https://t.co/EvWUBckCoM
7.86E+17,negative,"@HDina13 @YorgoElBittar روح على غوغل وعميل بحث صخرة الروشة"" وشوف بعينك انورما كانرفيه علم لبناني بي ولا صورة!"""
7.86E+17,neutral,@Aflatoniaa و مو مجرد استغراب احيانا يوصل فيني اني ادخل غوغل و ابحث عن كل شيء 😝 مثلا بعطيج سوال و روحي شوفي جوابه
7.86E+17,positive,#أدب (الخليج) طيران الإمارات و«غوغل» يطلقان «هيّا نحتفل بعام القراءة» https://t.co/FPfQ2npzNg #الرمس_نت #alramsnet
7.86E+17,positive,"@_adaziz في موقع اسمه يلا شوت،ادخل عليه من غوغل تلاقي كل مباريات العالم وبالجودة الي تريدها"
7.86E+17,positive,"بايدو آي"" نظارة صينية ذكية تنافس الأمريكية ""غوغل"""
7.86E+17,neutral,@FtayZen داكشي اللي كاين.. تشك إت أون غوغل! حنى تنسميوه هرْمى.. داك لي تيديروه ف العيد الكبير!
7.86E+17,neutral,غوغل تعرض صورة 360 درجة ل ستر النجاة في ليسفوس . https://t.co/wKZNXJpqbJ https://t.co/VsgDTx0ArS
7.86E+17,positive,أخينا أبو عبدالله غوغل شهيدا جميلا ... تقبلك الله يا اخي .#فتح_الشام #الجنوب #درعا https://t.co/hyTDckO6dF
7.86E+17,neutral,RT @fata8211: استشهاد أخينا أبو عبدالله غوغل من أساد #فتح_الشام في #الجنوب بعد استهدافه بعبوة ناسفة غادرة في #درعا_البلد .هنيئا لك يا اخي
7.86E+17,neutral,"#لله_درك_يا_غوغل شو فضحت ناس، وطلعت ناس ، ونزلت ناس .."
7.86E+17,negative,@ihe_94 @ya78m @amooo5 @badiajnikhar @Oukasafa @reoshalm @Mnory202 مساكين من الصبح و هوما رايحين راجعين عاى غوغل تعبت بدالهم ههههه ي
7.86E+17,neutral,@heshamserry قوقل او في قولٍ آخر غوغل
7.84E+17,positive,RT @Sajen21: نولي ونادال استراليا 2012 نولي ونادال نهائي مدريد2011 نولي وموراي نصف نهائي روما2011نولي فيدرر امريكا2011 #افضل_مباراة_تن…
7.84E+17,neutral,@Sajen21 نهائي 2011 فيدرر😩❤️❤️
7.84E+17,positive,برضو نصف نهائي الرولان غاروس 2011 نولي وفيدرر لما فيدرر وقف انتصارات نولي وأشر بيده : انا الرقم واحد .. كانت مباراة بنت حرام
7.84E+17,positive,"RT @TheEmperor__: فيدرر × نادال ،، ويمبلدون 2008 #افضل_مباراة_تنس_شاهدتها"
7.84E+17,positive,#افضل_مباراة_تنس_شاهدتها#فيدرر ضد #نادال 2006 نهائي روما .. اعتقد انها اجمل مباراة فيها لمحات في تاريخهماhttps://t.co/E38kfxU4aO
7.84E+17,positive,RT @roujrF: #افضل_مباراة_تنس_شاهدتهاويمبلدون فيدرر ٢٠٠٨
7.84E+17,positive,فيدرر ضد بينيتو في بطولة ويمبلدون 2012..  #افضل_مباراة_تنس_شاهدتها
7.84E+17,positive,كل المباريات الي جمعت بين فيدرر ونادال ❤لكن المباراة الخالدة ف ذاكرتي مباراة فيدرر وروديك ف ويمبلدون قمةالمتعة♥ #افضل_مباراة_تنس_شاهدتها
7.84E+17,positive,اخخخ يا فيدرر ❤️❤️❤️ .... عطوني افاتارات له
7.84E+17,positive,RT @RF_BT_: @3beer_RMA #افضل_طقم_لروجر_فيدررككل طقم ينافس الثاني😌👑بس الاسود والأبيض فخاامه ما بعدها فخامه👑❤😌👌 https://t.co/ZU8jKETxqk
7.84E+17,positive,RT @RF_BT_: @3beer_RMA #افضل_طقم_لروجر_فيدررالابيض الملكي👑اصلا  الفخامه ان روجر لابسهم😜👑❤😌👌 https://t.co/PJDE8AWKzl
7.84E+17,positive,"بهدف قاتل في اللحظة الاخيرةفالنتين ستوكر يحسم قمة سويسرا المجر"" لبلاد روجيه فيدرر"""
7.84E+17,positive,@2213Ali @kayza111 اما بطل العالم في التنس من جميع النواحي هو روجر فيدرر وذا شي متفق عليه ومنتهين منه👌
7.85E+17,positive,RT @BMA_6: #افضل_مباراة_تنس_شاهدتهافيدرر ضد جوكوفيتش نص نهائي فرنسا https://t.co/nT6mL7FPaI
7.85E+17,positive,#افضل_طقم_لروجر_فيدرر نهائي الماسترز 2012 للاسف ماعندي صوره 😬
7.85E+17,positive,المزاج الان يحتاج مباراة لروجر بمستوى 2007 بصوت الكابتن عادل يا محلااااته😍 رووجر فيدرر ولاااا غيره 😴
7.85E+17,positive,@2213Ali @kayza111 نوفاك بطل العالم!!😳روجر فيدرر اسطوره هاللعبه وكفى✋
7.85E+17,positive,فيدرر روديك ويمبلي ٢٠٠٩ #افضل_مباراة_تنس_شاهدتها
7.85E+17,positive,#افضل_طقم_لروجر_فيدرر طبعاً كل طقم على المآيسترو يزيده فخاآامةة.. بس هالطقمين الأجمل 💙💜 https://t.co/tN7gZkKD2T
7.85E+17,positive,#افضل_طقم_لروجر_فيدرر                                  جميع الاطقم على المايسترو فخامه ولاكن ناخذ بعضا منها https://t.co/FTs29W8Y94
7.85E+17,positive,فيدرر vs نوفاك رولان 2011فيدرر vs مورى ويمبلدون 2012 #افضل_مباراة_تنس_شاهدتها
7.85E+17,positive,#افضل_مباراة_تنس_شاهدتها فيدرر و نادال ويمبلدون 2008 فيدرر وجوكوفيتش ويمبلدون 2014 نادال وجوكوفيتش استراليا 2012 وفرنسا 2013
7.85E+17,neutral,RT @3beer_RMA: ديميتروف إلى هذا الحد 😐استطاع التغلب على:نادالجوكوفيتشمورايفافرينكالكن لم يستطع التغلب على الذي علمه السحرروووووجير…
7.85E+17,neutral,RT @fedrer400: #قروب_فيدررقروب مسابقات نقاشات ذوقحيا الله الجميعالي يبي يشترك يجي خاص.
7.85E+17,positive,@noonnetta @2213Ali @kayza111 فيدرر كان!!لسه هو الافضل في التاريخ والارقام تثبت من ناحيه بطولات القراند سلام والماسترز والخ
7.85E+17,positive,#قروب_المحبه_والموده#قروب_فيدرر_للدعمسقى الله أجـسَاد المرضى عـافيه ؛ وقبور المـوتى رحمةً واسـعَه ..
7.85E+17,positive,مع فيدرر يا آجا والكبار 😍 https://t.co/hrBeHbkBNu
7.85E+17,negative,@nike7tennis اه بس لا رافا ولا فيدرر التنس الى اين 💔 ؟
7.85E+17,neutral,@_NOLE1 اللي اعرفه يقدر فيدرر على نادال
7.85E+17,positive,"RT @messi10Arabic: ميسي أو كرستيانو ؟ كاسانو : كرستيانو مثل نادال أذا سقط لا يستطيع النهوض ، أما ميسي هو مثل فيدرر دائماً بـ القمة .."
7.85E+17,positive,#افضل_مباراة_تنس_شاهدتهابدون ترتيبفيدرر مونفيس امريكا2014فافرينكا نوفاك رولان2015فيدرر نوفاك امريكا2015نادال مونفيس مونتي كارلو2016
7.85E+17,neutral,@_NOLE1اللي متعصب في التنس حارم نفسه متتعه عظييمه انا من مشجعين نوفاك ما يعني ابدا اني اكره مشاهدة فيدرر ونادال وموراي وديل بوترو واساليبهم
7.85E+17,positive,"لبا الناس الذويقه ابو صطيف وياسر ، عاد على البلوفر اللي كان معاه حكايه ثااانيه#افضل_طقم_لروجر_فيدرر  https://t.co/GKKkSX9Em2"
7.85E+17,neutral,"لوسمحت تكلم عن نادال ونوفاك، بس فيدرر لا تدخله في مقارنات مع هالجحلط .. بليز يعني https://t.co/8wjZB5z5iS"
7.85E+17,positive,"RT @Yasseeeer_H: #افضل_طقم_لروجر_فيدررحرام أذكر طقم واحد ، أطقم كثيره حلوه و كشخهودائما الأحمر أجمل على #فيدريروهذا الطقم جدا عجبني ا…"
7.85E+17,positive,RT @Mima_RF: #افضل_طقم_لروجر_فيدرروفي الطقم البنك https://t.co/v9PfDMAZqq
7.85E+17,positive,RT @SaudFederer: #افضل_طقم_لروجر_فيدرر رولان غاروس 2008استراليا 2011 https://t.co/tetajVjNZL
7.85E+17,positive,#افضل_طقم_لروجر_فيدررأستراليا 2012مجررررررررم  https://t.co/wcUyd5u2kN
7.85E+17,neutral,@_NOLE1 اسف .. اعدت القراءه مجددا .. لذلك عشان اكون اكثر وضوحا .. لا تكون حمار وتحط اسم فيدرر في تغريده وحده مع عدة جحلط هههههه
7.85E+17,positive,RT @abood_RF_itti: أسطوره يشجع أسطوره 👏🏻مايكل جوردان يبتسم ويصفق ل روجر 😩❤️كانت ايام حلوه 😔💔.#روجر_فيدرر . https://t.co/JcGQp4U6Ki
7.85E+17,neutral,أرقام روجر فيدرر بعد وصوله سن الـ30 https://t.co/VT6ttDcaSz
7.85E+17,positive,#افضل_طقم_لروجر_فيدررالطقم الأحمر والطقم الأزرق هما أفضل شي
7.85E+17,neutral,RT @Raff_X7: #لو_المغردين_لاعبين@roro_rm7 السومه @ndomadrid كروس @HAJII777 بنزيما@SarahAli_7 ايسكو@Moon31_ ميسي @st__56 كريس @Mima_R…
7.85E+17,neutral,@medo1992jed تأهل نولي لنهائي بطولة أستراليا المفتوحة لسنة 2008 بعد أن تغلب على المصنف الأول روجيه فيدرر وفاز بالنهائي على جو ويلفرد تسونجا
7.85E+17,positive,RT @fed89erer: #مشهور_يستاهل_الشهره الساحر السويسري روجير فيدرر 🎾👌 https://t.co/mhpDDe6Smy
7.85E+17,positive,RT @mstr_federer: @fed89erer عالم الكرة الصفراء كان يتيماً حتى جاء فيدرر و اخرج جمال هذه الرياضة للعالم
7.85E+17,positive,RT @Shevo_22: الفيديو بتاع فورهاند فيدرر في الجراند سلام يحببك في التنس لو انت مش بتتفرج ما بالك اللي بيحبو التنس زيينا
7.85E+17,positive,#قروب_المحبه_والموده#قروب_فيدرر_للدعمعبارة مُريحه :إن الله لا يَنسى قلبًا لجأ إليه.
7.85E+17,positive,عاد آجا هتآخذ راحتها أكثر مع فيدرر ياليت هالمرة iptl يحطوها مع فريقالمايسترو بتكون وديات ديسمبر حدثكبير عندي في… https://t.co/QzzUxkWAhK
7.85E+17,neutral,#لو_المغردين_لاعبين @Muii18_ ماريا شارابوفا @M0h_Fahad آندي موراي @abood_RF_itti ديل بوترو @I_MOh7_ روجر فيدرر 😍❤️@xRaed_S نادال
7.85E+17,positive,RT @SportJ: فيدرر ما زال متربعا على عرش التنس
7.85E+17,positive,"فافرينكا عندما سئل عن ما يتمناه لرياضةالتنس في الاعوام المقبلة ؟ رد فافرينكا :ان يكون روجر فيدرر بصحة جيدة"" .- روجر هو كمال التنس ❤️."""
7.85E+17,positive,@Sllokei اسطورة التنس روجر فيدرر وصاحب 88 لقب منها 17 جراند سلام #اسطورة ❤️
7.85E+17,neutral,الحياة كئيبة من غير تنس فيدرر
7.85E+17,neutral,ما رأيكم في خروج فيدرر و نادال من التوب 5 لأول مرة من 13 عام؟! هل هي نهاية جيل عظيم؟  و شكرا لكم #beinmatchpoint
7.85E+17,positive,@ARashwan93 @federista1989 جراند اداء فيدرر ف امريكا 2007 واستراليا 2007 و2010 كان خرافى استراليا 2010 فاينال موارى يدرس لغاية دلوقتى
7.85E+17,positive,المايسترو روجر فيدرر  https://t.co/tbyFehqx2A
7.85E+17,neutral,غداً سوف يتم الاعلان عن اللاعب الثالث الذي سيشارك في #بطولة_مبادلة - ابوظبياتمنى مشاركة #فيدرر@MubadalaTennis B… https://t.co/Zr2o9En5FT
7.85E+17,neutral,#فيدرر سيكون في دبي نهاية العام لذلك واقعيا يمكن له ان يلعب في مبادلة خصوصا انها تنتهي 31/12 في حين ان اول مباراة ل… https://t.co/ie9SSSL57h
7.85E+17,neutral,مين أسرع روجر ولا فيدرر؟؟ https://t.co/JcwqeOiFoD
7.85E+17,neutral,@federista1989 تحبها زي ما بتحب فيدرر و برشلونة ولا هي تحبك زي ما بتحب انت فيدرر و برشلونة ؟
7.85E+17,positive,"RT @fed89erer: الصحفي:  ماذا تتمنى لرياضة التنس في قادم الأيام ؟ ""ستان ففرنكا: "" أن تدوم الصحة لروجر فيدرر ."" https://t.co/kbCphYfiz0"""
7.85E+17,positive,RT @14__moony: *الحمدلله على كل حالاللهم اجعلنا مثل الذين ذكرتهم { وجـوه يومـئذ ناعمة ¤ لسعيها راضية¤ في جنة عالية}#قروب_خواطر_للدعم#قر…
7.85E+17,neutral,لأول مرة منذ 712 اسبوع بالتحديد في 17/2/2003يشهد تصنيف التنس الصادر اليوم عدم تواجد #فيدرر او #نادال في التوب 5 !!#نهاية_هيمنة !؟#تنس
7.85E+17,positive,#beINmatchpoint  ما أحب اغرّد خارج عن ميلان بس يأخي والله مفتقدين #فيدرر ومفتقدين تعليقك على مبارياته يالشطي ما نقدر نتخيل التنس بدونكم
7.85E+17,positive,@federista1989 ما لو الكلب قفل الرابعة كنا كسبنا بس كان فيدرر عظيم فعلا الماتش ده 😂
7.85E+17,positive,@Tennis_RFederer تم التصويت للكوكب التنس فيدرر
7.85E+17,neutral,اكتشف 5 معلومات لا تعرفها عن روجر فيدرر نجم رياضة التنس: https://t.co/rPJXyAMNTD via
7.85E+17,negative,لاول مرة منذ 13 عام يكون روجر فيدرر و رافا نادال خارج المراكز الاربعه الاولى في تصنيف الاتحاد العالمي للتنس !! https://t.co/4SRCvXnX5L
7.85E+17,neutral,فيدرر ونادال خارج التوب ٤ في التصنيف العالمي للتنس لاول مرة من ٢٠٠٣نهاية النجمين وبداية تنافس يديد بين جوكوفيتش وموراي
7.85E+17,positive,@Yaqoobzz فيدرر عمك
7.85E+17,positive,@Yaqoobzz حاليا نوفاك قبله نادال قبلهم فيدرر الافضل على الاطلاق
7.85E+17,neutral,"@I_MOh7_ فيدرر في التصنيف السابع ومونفيس بالثامن فرق خمس نقاط فقط ، الله يعين بس 💔"
7.85E+17,neutral,@Yaqoobzz قبل كنت اتابع فيدرر بس كرهت نادال يوم طلع
7.85E+17,negative,RT @14__moony: سـاعـة الإشتيـاق ليس لهـا عقـارب .. ومع ذلك تلدغـك في كـل ثانيـة تعيشهـا#قروب_خواطر_للدعم#قروب_فيدرر_للدعم
7.85E+17,negative,RT @TahrirSports: لأول مرة منذ 13 عام .. لا يتواجد روجر فيدرر أو رافائيل نادال ضمن الأربعة الأوائل في التصنيف العالمي للتنس 🎾 https://t.co/…
7.85E+17,neutral,RT @TahrirSports: ⬇⬇نادال المركز 5فيدرر المركز 7 https://t.co/yZgVWvgOQL
7.85E+17,neutral,فيدرر 💔💔 https://t.co/umpze2LK6F
7.85E+17,positive,"RT @eiad_tennis: #فيدرر :الحافز لدي اقوى من اي وقت مضى..و اتطلع للمشاركة في #استراليا_المفتوحة ""#Federer #RogerFederer https://t.co/QxGO3…"""
7.86E+17,positive,الى كل مشجعي المايسترو روجير فيدرر في شتى بقاع الأرض الي ما صوته إلى الآن رجاءً يصوت له على الرابط في التغريدة السابقة و شكراً ❤️
7.86E+17,positive,م اليوم ورايح أسطورتي ف التنس أندي موراي طبعا بعد روجر فيدرر https://t.co/iavxbUeCkf
7.86E+17,positive,"فيدرر ونادال عندك خير مثال وقدوة حققوا الرباعية فيدرر ٢٠٠٩ ونادال في ٢٠١٠، اكتفوا بعدها؟ لا واصلوا المسيرة، رغم الصعوبات اللي واجهوها"
7.86E+17,positive,اقل هديه يقدمها جماهير المايسترو روجير فيدرر له هو تصويتهم له ليضل الاعب الأكثر شعبية للمره 14 على التوالي رغم ابتعادة معظم فترات هذا الموسم
7.86E+17,positive,"RT @moneera_os: #قروب_المحبه_والموده#قروب_فيدرر_للدعماللهم ابعد عني كل ضـيقة اشعر بها و كل ما يشـغل بالي ، ربي ارح قلبي و فكري و كن معي ي…"
7.86E+17,positive,"#فيدرر: حماسي وحبي للعبة يقوى أكثر وأكثر وأتطلع للمشاركة في بطولة استراليا المفتوحة"" https://t.co/bbjFC2aeQO"""
7.86E+17,positive,ماذا تفعل يا #فيدرر :Oحرام حرام و الله حرام :Pنقطة من النقاط التي يعجز اللسان عن وصفها <3 كوكب التنس نفتقدك :'( https://t.co/dPMsdX4s69
7.86E+17,positive,@A2A9A4 فيدرر سيعود بقوه #توقع
7.86E+17,positive,@Sllokei روجر فيدرر يتدرب الآن وبإذن الله راجع بقوة 😉
7.86E+17,neutral,@MiDooCR والله اشتقنا وفاض بنا الشوق 😍😢لا زلت عند الوعد الذي قطعته اعتزال مشاهدة التنس لحين عودة روجر فيدرر
7.86E+17,negative,RT @nalsultan37: لأول مرة ومن ١٣ سنةروجر فيدرر و رافا نادال خارج الـ Top4 في التصنيف العالمينهاية حقبة؟ https://t.co/GtGtnnrehp
7.86E+17,positive,اشتقنا إليك يا اسطوره .#فيدرر #ShanghaiMasters https://t.co/fK9fBoFMhw
7.86E+17,neutral,@alshatti1972 كابتن هل تتوقع من وجهة نظرك الشخصية رجوع تربع فيدرر على عرش الصدارة ب 2017 و ما هي رؤيتك ببرنامجه التدريبي وما توقعاتك2017
7.86E+17,positive,#افضل_مباراة_تنس_شاهدتها اي مباراة يلعبها فيدرر هي الأفضل 💙 بس اكيد مباراة 2008 فيدرر ونادال
7.86E+17,positive,@eiad_tennis موفق ياكابتن يا اياد .. نشوفك تعلق على فيدرر في الموسم القادم بإذن الله ❤️
7.86E+17,negative,لأول مرة منذ ١٣ سنة .. روجيه فيدرر و رفاييل نادال خارج قائمة أفضل ٤ لاعبين في العالم 🎾 #أساطير https://t.co/LXN1Fdr3dx
7.86E+17,positive,"روجر فيدرر هو اعظم لاعب تنس ف التاريخ لاشك ف هذا ! من اسباب تميزه ايضا  اخلاقه ""روجر قبل 5 سنوات يعطى درسا فى... https://t.co/5zHG9tOn9w"""
7.86E+17,neutral,RT @14__moony: تبعد وأنا أبعد ../ وتزداد فيني #قروب_المملكة_للدعم#فيصل_الراشد_للدعم#قروب_فيدرر#قروب_مختلف_للدعم#قروب_احساس_شاعر
7.86E+17,neutral,@3moori منو احسن نادال ولا فيدرر؟
7.86E+17,positive,@EgAntiCoup يعني حيكون زي اللورد دارث فيدرر ههههههههههههههههه
7.86E+17,neutral,@elszo ههههه .. الللورد دارث فيدرر ده من البلد اللي جنبنا طوالي .. بعد المصرف طوالي
7.86E+17,positive,@FCBW_A7 @AliwaSasi ممكن حساب ليو ميسي الرسمي 😘
7.86E+17,positive,"RT @forcabarca_ar: تصريح سابق لفينغر :ميسي لاعب بلاي ستيشن هو وحده الذي يجعل الأشياء المستحيلة ممكنة"" https://t.co/Iatrnan9VO"""
7.86E+17,negative,RT @A_FAHAD24: #الاهلي_برشلونهميسي يدعي الاصابة خوفاً من مواجهة معتز هوساوي https://t.co/OCPxFU06x1
7.86E+17,positive,@Ah_37_ راح يشلخونكم الساحر ميسي والمجنون سواريز ونيمار11ي ططططححححااااالللبب🐸🐸🐸🐸🐸🐸وبتشوف👈🐸🐸🐸🐸😂😂😂
7.86E+17,neutral,"نجم روما: ”ميسي خامس أخطر مهاجم واجهته”، فمن هم الأربعة الآخرون؟؟ رابط الخبر : https://t.co/UMWsyZPVPR"
7.86E+17,positive,"RT @FCBW_A7: غوميز : قادة الفريق (ميسي وإنييستا و بوسكيتس) ساعدوني كثيراً منذ يومي الأول في التدريبات، و فهم التكتيك و ايضاً التقرب الي باق…"
7.86E+17,positive,"RT @FCBW_A7: إيمري كولاك (ديبورتيفو) : أردا توران مثل أخي و هو قدوة بالنسبة لي ، ميسي الأفضل و انا مُعجب به كثيراً"
7.86E+17,neutral,RT @CR_ic7: عـام 2016كرستيانوهداف تصفيات كأس العالم 2018 هداف وبطل دوري الابطالهداف وبطل امم اوروبا 2016ميسيهداف كأس غامبرمتخاذل وخ…
7.86E+17,positive,RT @3FLnQe: مورينيو - بيليه مارادونا ميسي الافضل بالتاريخ- كنت ادرب رونالدو ليس هذا بل الحقيقي البرازيلي.المصدر قناة الريال⬇https://t.…
7.86E+17,positive,RT @ELRey_FCB: بيب : ميسي أفضل لاعب في تاريخ دوري الأبطال و لا يوجد من هو أفضل منه 👌🏻و يلوموني فيك 😍😍 https://t.co/52gi26aKVk
7.86E+17,neutral,RT @BeesoS11: توماسوف لاعب كبير وكان افضل لاعب في كرواتيا الموسم الماضي لاتحكموا على مستواه مع #النصر البيئة سيئه جدآ لو جبتو ميسي بيتحو…
7.86E+17,positive,"RT @3boosh_almlkiah: #الاهلي_برشلونهميسي في تصريح للاكازيتا دي سبورت: من المهيب مواجهة عقيل بالغيث…اتمنى ان لا يكون في احسن مستوياته…ا…"""
7.86E+17,neutral,RT @FCBW_A7: MD | سيعود ميسي للتدريبات مع المجموعة يوم الخميس و من المتوقع أن يحصل على التصريح الطبي يوم السبت https://t.co/uFj2sR2IBD
7.86E+17,positive,RT @FCBW_A7: غوميز : نستمتع كثيراً في التدريبات في وجود ميسي و نستمتع أكثر حينما يُقدم لنا أشياء جديدة
7.86E+17,positive,"RT @FCBW_A7: غوميز : ما يفعله ميسي في المباريات يفعله في التدريبات بشكل طبيعي للغاية ، نحن شيئاً فشيئاً في الفريق تعودنا على ما يقوم به"
7.86E+17,positive,"RT @FCBW_A7: غوميز : عن ليونيل ميسي - ماذا يمكنني أن أقول عنه؟  ليو لاعب يعرفه الجميع ، يفعل أشياء غير عادية !"
7.86E+17,positive,"RT @Leo_messi0000: يقول ماسكيرانو : كرة القدم تتحكم بكل شيء ، لكن ليونيل ميسي هو الوحيد في العالم الذي يتحكم بكرة القدم ..!  https://t.co/…"
7.86E+17,neutral,RT @zk_kuw: بيب غوارديولا عن ليونيل ميسي من كتابه الجديد https://t.co/6ibAE2CfnA
7.86E+17,positive,RT @coach_barca: عجججججججيب هالانسان والله يفهم 😍😍ركزوا على كلامه عن ميسي درر 😍😍❤️❤️ https://t.co/UAWH21PUIf
7.86E+17,neutral,RT @itsal7maidi: بشهر 12 كريستيانو يلعب في كاس العالم للانديه ضد ابطال القاراتميسي في مباراه ناريه ضد عقيل بلغيث ومحمد امان 🔥🔥اختلاف ط…
7.86E+17,positive,"RT @FCBW_A7: جوردي كرويف ( إبن يوهان كرويف ) : أبي تأثر جدا من ركلة الجزاء التي سجلها ميسي و سواريز ، كانت لحظة فخر بالنسبة له"
7.86E+17,positive,RT @isultan_fcb: هاتريك ميسي ذو ال١٩ عام في مرمى ريال مدريد  https://t.co/coKj5PHklC
7.86E+17,positive,مستحيل تتغير قناعتيان #ميسي اسطورة بس م راح يوصل ل #كريستيانو ابدا #كريستيانو الافضل على الاطلاق
7.86E+17,positive,"دبي تستضيف «برولايت آند ساوند» 31 الجاري——————————-دبي:«الخليج»أعلنت «ميسي فرانكفورت الشرق الأوسط»، عن إطلاق... https://t.co/z0RgVc6iB1"
7.86E+17,neutral,RT @iRMLife: الاهداف مع المنتخب في المباريات الرسمية :كريستيانو - 52بيليه - 43الظاهرة - 41سواريز - 30ميسي - 29مارادونا - 17نيمار -…
7.86E+17,neutral,RT @Sir_Mohammed11: مع المنتخب•اجمالي الاهداف:كريس(66)ميسي(56)•الرسمية منها:كريس(52)ميسي(29)•الودية منها:كريس(14)ميسي(27)•الا…
7.86E+17,neutral,RT @ToOTaLive9: #قروس يقولكم هاتوا ميسي وسواريز ونيمار 😎بيجلدهم مثل ماجلد الهلال في ثلاث ايام رايح جاي 😎 #الاهلي_برشلونه https://t.co…
7.86E+17,neutral,RT @whatsapp_5: ميسي : مبروك يا صديقي والى اللقاء في روسيا https://t.co/RDdeybNAIE
7.86E+17,neutral,ميسي عبر الإنستغرام ينشر صوره يشاهد بها مباراة الأرجنتين vs البارغواي: كل شيء جاهز ... ڤاموس أرجنتينا 💪💪💪 https://t.co/IJgaKhYHOW
7.86E+17,negative,@SL_FuT طيب ميسي وسواريز مسوينن اظءء نشرب من نفس الكوب ويشيل ولده ومدري وش
7.86E+17,neutral,واتس اب 0500776424 https://t.co/cN7dLaIhnJ#شرك_الرافضه_في_عاشورا#خواجي_جمهورك_معك#مصر_لن_تركع#فهد_المولد_افضل_من_ميسيAF5P
7.86E+17,negative,الأرجنتين لا شي بدون ميسي 😎حتى لو فازت أداء غير مقنع ❌
7.86E+17,positive,RT @chelitti: افتخر اني عشت زمن ميسي وكريستيانو وفهد المولد
7.86E+17,negative,@itthad_barca مشكلة الارجنتين انها تختار مدربين مشّي حالك.الفريق يتأثر بغياب ميسي لان الفريق اصلا بدون مدرب.
7.86E+17,negative,لا جديد هذا مستوى الأرجنتين بلاد الفالصو بدون الذهبي ميسي
7.86E+17,negative,RT @Rashedalkaabiii: والله عيب حتى #ميسي قام يطقطق علينا 😅✋🏼حد يشوف لنا حل 💔🇦🇪#مهدي_علي_برع #انقذوا_الحلم #اقاله_مهدي_علي https://t.co/…
7.86E+17,negative,@MITIB_FCB منتخبهم فقاعة صابون بدون ميسي
7.86E+17,negative,اجل اهزوجه ميسي الكلب القم ياكلب انت وياه
7.86E+17,negative,RT @KasQ8_: ميسي عنده منتخب قوي وعناصر خرافيه بس هو يخذلهم ….. - https://t.co/V1JfFa7SCn
7.86E+17,positive,"RT @DRBARCAWY: #ميسي قليل أدب المدربين يحطون خطين دفاع وهو يضربهم بتمريره وحده ،، https://t.co/ihaZccq3jS"
7.86E+17,negative,البارغواي متقدمه على الارجنتين !!؟التانغو بلا ميسي منتخب اوضع من منتخب الهند !!
7.86E+17,negative,الأرجنتين بدون ميسي مثل الشتاء بدون مطر .. ☔️🌧
7.86E+17,negative,مو معقوووولة لاعبين بهالحجم غياب لاعب حتى لو هاللاعب هو #ميسي ياخي شلون تبي تحقق مونديال وأنت بدونه ضاااااايع !!!!#الارجنتين_البارغواي
7.86E+17,positive,RT @taloo157: ليونيل ميسي عبر الانستغرام : هدف صديقي فهد المولد من افضل الاهداف اللتي رأيتها في حياتي سأطلب منه تعليمي الطريقه https://t.co…
7.86E+17,neutral,الا غصب يخلون ميسي هو صانع امجاد الارجنتين
7.86E+17,negative,ميسي قاعد يتابعكم الحين على القليل احترمو هذا الشي يا عاهات 😑😑
7.86E+17,negative,RT @barca1yousef: هذا وضعكم بدون ميسي يا تافهين يا عاهات
7.86E+17,positive,RT @Rudwan_h: ميسي يحتفل مع هدف صديقه فهد بسيلفي فخم✌️ https://t.co/oFtdz0WlyF
7.86E+17,negative,RT @madrid2018: تمنيت لو ان فهد مثل ميسي .. ولكن طلع مختلف تماما !! https://t.co/5uO5OJxMFS
7.86E+17,positive,RT @Italy_arab: رسمياً | أسطورة كرة القدم جيجي بوفون ينال جائزة القدم الذهبية لعام 2016 متفوقاً على الأرجنتيني ميسي و البرتغالي رونالدو . h…
7.86E+17,neutral,RT @MrMuhnad: عدم وجود ميسي في الملعب يعني ان أي منتخب سوف يمتلك الجرأة لكي تهاجم وهنا ترى عيوب الدفاع!واحدة من المميزات التي تفقدها الأرج…
7.86E+17,negative,@Lionel__FCB مع ميسي لم تحقق كأس العالم ولم تحقق كوبا الذهبيه حتى الفضييه بعد
7.86E+17,negative,RT @Hamdanium: انا من شفته مسوي يمون على ميسي وانا خايف منه https://t.co/rQMYePT6g2
7.86E+17,negative,الارجنتين بدون ميسي مضحكه 😂😂
7.86E+17,negative,ميسي قاعد بيسب دين في البيت.
7.86E+17,negative,"RT @ph5f5: الي يقول الارجنتين بدون ميسي تستطيع الفوز و منتخب يملك نجوم  و لاعبين كبار؟ معقوله مباراتين ، و جميعها مستوى اسوء من السيئ ، اين…"
7.86E+17,neutral,"@ph5f5  ميسي و هو في اسوء مستوياته تلعب الارجنتين افضل من هذا الاداء بكثير ، يكفي حضور ميسي يجعل الخصم يتكتل في الخلف و يكثف الدفاع 💔"
7.86E+17,neutral,RT @itti_juve: مع هدف الباراغواي رجعنا لنغمة ميسي احب اذكركم ميسي مالعب قدام تشيليفي دور المجموعات بالكوبا وفازت الارجنتينولعب النهائي و…
7.86E+17,negative,واضح من كلام الناس ان مدرب الارجنتين بوذا .. اسوأ من تاتا مارتينو المدرب ده اول ما لاعب ميسي وهو عارف انه مصاب قولت عليه ملوش فيها
7.86E+17,neutral,..كوريا وديبالا. أغويرو دعه يعتزل ياخي واذا رفض ميسي ومانع تخلص من ميسي . لكن الاتحاد يمنعه لان ميسي يتحكم بهم كلنا نعرف ذلك.يتبع
7.86E+17,positive,متش ناااااااااااار..... فينك يا ميسى 󾍀 - يشاهد مباراة الارجنتين وباراجواي
7.86E+17,neutral,"RT @ishawky_: الأرجنتين لا تساوي شىء بدون أحسن لاعب في المجرة ليونيل ميسي"""""
7.86E+17,positive,"RT @BarcaDN: الكاسير: ميسي لاعب رائع جدا ، وقد فاجئني كشخص انه مثال للتواضع"
7.86E+17,neutral,يحق لك يالمولد تشوف ميسي بنص عين 😂 https://t.co/twDzpuZHQ3
7.86E+17,neutral,@_Majd_ القم ياوضيع هذا حال منتخبك بدون ميسي
7.86E+17,negative,"الارجنتين لاقمة كالعادة،  يلعنم الخياس يا ناس نبي مدرب صاحي موب معقول بدون ميسي ما يفوزون ابداً !"
7.86E+17,neutral,@Lionel__FCB انا اقول واحد يلبس شورت ميسي وتمشي الامور
7.86E+17,negative,RT @m6rwan_: ميسي يضيع بلنتي وينكبهم ويطير اللقب وماسكيرانو ينكبهم في مبارتين ثم البرشلوني يحطها في راس الضعيف هقواين💔
7.86E+17,neutral,والله مشكله الارجنتين بدون ميسي! الحمدلله ان التصفيات طويله ويمديه يرجع ولا صعبه التأهل!!!
7.86E+17,neutral,RT @Rymyh_24: #السعوديه_الامارات #المنتخب_السعودى#فهد_المولد سيلفي ميسي مع هدف صديقه فهد المولد 😁👍🏻⚽️ https://t.co/5pUfX843HI
7.86E+17,neutral,@iOtb__7 اذا ما لعب ميسي مو مهم عنده المنتخب الارجنتيني
7.86E+17,neutral,RT @Salmanihooo: محنكين بيونس ايرس ان فازت الارجنتين بعد شوي قالوا احنا افضل بدون الفقاعه وان تعثرت قالوا ميسي هرب من المسئوليهبكل الحالتي…
7.86E+17,negative,@iOtb__7 اخوي يشجع الارجنتين يتمنى خسارتهم اليوم عشان ميسي مايلعب
7.86E+17,negative,@Moaazf1 @sabqorg يادلخ منتخب الارجنتين اللي يلعب فيه ميسي بيلعب في كأس العالم 2018 بروسيا واذا تقابلت السعوديه مع الارجنتين ياحمار المولد ب
7.86E+17,neutral,ميسي يعود للملاعب في مباراة ديبورتيفو لاكورونيا ! https://t.co/0dM4lZHEsW https://t.co/XUrzq1Rsse
7.86E+17,neutral,RT @al_rakkad: مهما كابر البعض .. الارجنتين بحاجه ماسه الى هذا الرجل !من دونه نتائج سيئه جدًا .. الارجنتين من دون ميسي لاشيء .. https://…
7.86E+17,neutral,هذا الارجنتين الي وصل ثلاث نهائيات ورا بعض ميسي ساتر عليهم
7.86E+17,negative,@X_alt122 في الاخير تراه لاعب لاراح ولا جاءحسستوني انه ميسي ولا رنالدوماطيره للسماء الا انتم 😒ماشفتو خير اول مره تجيبون مهاجم يسجل 😂
7.86E+17,positive,RT @Lionel__FCB: مع ميسي توصل ثلاث نهائيات قارية متتالية بدونه لا فرق بينك و بين اندورا صاحب المركز 203 بالتصنيف العالمي
7.86E+17,negative,ههههههههههههههههههههههههههههههههههههههههههههههههههههههههههههههههههههههههلا بس اضحك ع الي يقول ديبالا خليفة ميسي
7.86E+17,neutral,@Guti_Madridd ميسي اهدافه على البرازيل و الاورغواي و كرستيانو على جزر الفار https://t.co/QtPXYSZdw1
7.86E+17,negative,"ديميكليس هذا مفترض لا يلعب ، صديق ميسي .موساتشيو ليس مدافع يسار ومايدانا وغاراي افضل،لا اعرف لماذا ميسي مستبعد غاراي."
7.86E+17,positive,RT @hamad_alharbi11: #الأرجنتين من غير ميسي مو مترقع 😏
7.86E+17,negative,المنتخب بدون ميسي ضااايع وبدون شخصية وهوية بقيادة ملك العك دي ماريا وباقي العاهات .
7.86E+17,neutral,@AdelAliBinAli ميسي.
7.86E+17,neutral,@itthad_barca المنتخبات الثانيه ماعندها ميسي لكن تشوفها في الميدان افضل وما اشوف حتى لعيبتهم افضل من الارجنتين لكن المدربين يفرقون
7.86E+17,neutral,@Shevaalshreef مافهش يا نصي ميسي هوه لارجنتين عليا طلاق كلهم نجوم علي لابيض
7.86E+17,neutral,RT @Sultan1391M: #فهد_المولد مبدع صديق ميسييضيع 50 إنفراد ويسجل على الطائر  عل طريقة فان باستنوما رميت إذ رميت ولكن الله رما https://…
7.86E+17,negative,شكل السعوديه واوزباكستان يبون يتأهلون لكأس العالم والارجنتين لاء اجل ميسي متخاذل هههههههههههههههههههههه استغفرالله بس #الارجنتين #ميسي
7.86E+17,neutral,"@fans__14 مع ميسي فازوا على متصدر المجموعه ،بدون ميسي حتى اخر منتخب في المجموعه تعادلوا بصعوبه مانختلف وجود لاعبين كبار لكن مع المنتخب لاشيء"
7.86E+17,neutral,ختاما هذا وقت غايتان ديبالا كرانيفيتير والبقية .. التجربة والانسجام ويلعبون مع بعضهم وابعاد الديناصورات على رأسهم ميسي ولا تكرار فضيحة ٢٠٠٢
7.86E+17,neutral,#السعوديه_الاماراتميسي يتابع الصديق والعشير فهد المولد https://t.co/Eb9qP6pw2f
7.86E+17,neutral,"RT @Leo_messi0000: فهد ظهر كـ الاسد ميسي"" و عموري ظهر كـ ""المونتهي"" - صورتين تبين لك كل شيء .. ) اذا عُرف السبب . . بطل العجب ) https…"""
7.86E+17,negative,"@Lionel__FCB ياخي ترا نفس سالفة ميسي مع ذا المنتخب ، وش ذنب المدرب إذا اللاعبين زلايب ؟؟؟!!"
7.86E+17,positive,RT @kimo7879: #السعوديه_الاماراتميسي:ماذا فعلت بهم ياصديقي فهد ؟!فهدلميسي: من متى المعرفه 😂😂😂😂😂😂#عودة_بطل #فهد_المولد#منتخبنا_اولا #مع…
7.86E+17,negative,RT @Rnabrr: ليو ميسي عبر الفيس بوك : فاموس يالقوادين  https://t.co/d4yha5bAPv
7.86E+17,negative,"الأرجنتين في أرضها و بين جمهورها خسرانه من البارغواي حتى الآن، يقولون الأرجنتين منتخب في لاعبين كبار حتى بدون ميسي راح يوصلون الثلاث نهائيات"
7.86E+17,neutral,RT @BarcaDN: الكادينا كوبي: ميسي سوف يتدرب مع المجموعة غدا الاربعاء لاول مره بعد تعافيه من الاصابه https://t.co/ZJ3SrwgeEN
7.86E+17,neutral,"RT @Lionel__FCB: في تكتيك لو يستخدمه الشايب العايب باوزا اضمن انهم بيفوزون بالراحة ، يوريهم بين الشوطين الصورة اللي نزلها ميسي و شف الحماس…"
7.86E+17,neutral,RT @s_a_i_f_87: التلميذ ليونيل ميسي يتابع اسطورته فهد المولد https://t.co/6pLcCwLggE
7.85E+17,positive,@Bankerchy ههههههههههههههه اي ذكرني بعيد ميلادك اجيب لك نفس بومة هاري بوتر تستاهل
7.85E+17,neutral,RT @Yousiif65: هاري بوتر؟👓🎩 https://t.co/959OoWvGZr
7.85E+17,neutral,هاري بوتر ؟ هاري بوتر.
7.85E+17,neutral,RT @9boymozah: الهييه احسهم مرا متأثريين  بفلم هاري بوتر 😅 #الهييه_رادع_لكل_اعدا_الوطن
7.85E+17,negative,لأول مرة في حياتي بشعر بعدم الرغبة بمشاهدة هاري بوتر لآخرو
7.85E+17,positive,أول ما طلع هاري بوتر كنت اخاف من دوبي لدرجة ما أنام بليل 😂💔 و @Mraiw_Alduaij دايماً تضحك علي على هالسالفه 🙃 و هاذي… https://t.co/pHKPzpEniD
7.85E+17,neutral,@alaabenk98 سحبي عشان نسوي ماراثون هاري بوتر مع بعض...
7.85E+17,positive,'دانييل رادكليف' (هاري بوتر ) لما حب يبعد عنه المعجبات 😂😂✋قمة الشبحنه والله 😂😂 وشوف الحلقة ومسكة السيجاره 😎😎😂😂 https://t.co/Vp7SvBr72w
7.85E+17,neutral,RT @Drfuture1: #نعنبوزينهلقطة حزينة بـ لمسة خليجية من فيلم هاري بوتر https://t.co/dRrpBoDgUi
7.85E+17,positive,في وحدة نظاراتها و عيونها مثل هاري بوتر بالزبط و غرتها متله بس لو تقص شعرها و تصبغه اسود وااااااال
7.86E+17,neutral,@238Reaam مش طالبة هاري بوتر قسما بالله 😂
7.86E+17,positive,@SAUL_A11 المشهد اللي نقل هاري بوتر من عمل عظيم الى اعظم عمل https://t.co/dgdx73JkGN
7.86E+17,positive,#رحلة يوم #عائلية إلى #استديوهات #هاري #بوتر حيث تم #تصوير #أفلامه. #لعشاق #الأساطير انها #الرحلة #الأمثل https://t.co/SAjYuV3kbn
7.86E+17,positive,بالصور.. علبة مكياج هاري بوتر تثير هوس مستخدمي الإنترنت https://t.co/zuDmjYEQ9G https://t.co/dy7gEwMBPJ
7.86E+17,neutral,باقي بس ثلاث ايام عن اول عرض لفلم فانتاستيك بيتس ان وير تو فايند ذيم * قيل قصة هاري بوتر بـ 19 سنة 😭 اخخخيراً.
7.86E+17,positive,ابغا اتفرج هاري بوتر وكس ام الواجبات
7.86E+17,positive,"Fantastic Beastsسلسلة جديدة prequel لسلسلة هاري بوتر ، هتبقا 3 اجزاءاللي كان بيحب هاري بوتر او لو *حد مهتم* ممكن… https://t.co/XLD2DX8J8K"
7.86E+17,negative,بيتخيل نفسه ليه فورمة لازار وبيطير زي سوبر مان ولابس شميز بولو ع بوكسر اخضر وبليزر بترولي ولابس نضارة هاري بوتر الأ… https://t.co/U6TkQ2hwct
7.86E+17,neutral,RT @clip_x: الفنانة القديرة: حياة الفهدفي مشهد درامي من فيلم #هاري_بوتر 😊 https://t.co/ku2S5rwmdF
7.86E+17,positive,@_De5tiny_ قدني اتخطيتو و قاعده اقرا كتاب هاري بوتر 🌞
7.86E+17,neutral,@HaneulD ابي كتاب هاري بوتر :( لمن نقلنا بيتنا ذا ضاع الصندوق الي فيه كتبي 😭😭😭😭😭
7.86E+17,neutral,RT @Ahmeedsamir96: دانيال رادكليف (هاري بوتر) مع كلابه. https://t.co/GjWKFhtC0f
7.86E+17,positive,يالله و اخيرا قد ايش اشتقت لسلسله هاري بوتر 😍😭 https://t.co/LGx0cwYDqq
7.86E+17,neutral,@_wajood_ هاري بوتر؟
7.86E+17,neutral,معقوله شما تشبهه هاري بوتر 😂😂😂😂😂😂😂😂 https://t.co/DyehqPY4kf
7.86E+17,neutral,ابغى اصادق وحده تشبه هاري بوتر بمدرستي وهي اكبر مني الي تعرف كيف تجي خاص تقولي بليز💔💔
7.86E+17,neutral,هاري بوتر و كأس الخمر
7.86E+17,positive,شفت سلسلة افلام هارى بوتر كلها ف يوم واحد وهشوفها تانى انهاردا#عااااااااش
7.86E+17,neutral,RT @thowth__: @vnvnc  😏🔥هاري بوتر ستايل تجنن
7.86E+17,positive,RT @_ixAmal: @vnvnc سيم سيم هاري بوتر 
7.86E+17,neutral,هاري بوتر يعود من جديد 🐥😂😂😂 https://t.co/6BpABMDRSf
7.86E+17,positive,"النوم لا يجافيني . جميع افكار وتخيلات  هاري بوتر "" تقبع الآن في دماغي !!"""
7.86E+17,negative,99% من منتقدين هاري بوتر ما شافوه وال %1 مجرد حشرات لا يستطيع اي شي تطهيرها
7.86E+17,neutral,RT @d_0k: @MousaAlomar @bitawqitMasr هذه تشبه الساحره الي في فيلم هاري بوتر 😂😂
7.86E+17,positive,نsupport هارى بوتر الفنان ياخوننا 😂😂 https://t.co/lyxllNPnnQ
7.86E+17,neutral,@l_G_O_Nنفس العالمالقصة قبل هاري بوتر بـ70 سنة عن بروفيسور معاه شنطة فيها مخلوقات عجيبة طرد من هوقوورتس وسافر لنيويورك وتبدأ القصة من هناك
7.86E+17,neutral,@GlasgowMubtath قطار هاري بوتر ايضا يبدأ رحلته من هذه المدينه كل يوم .
7.86E+17,positive,هو ليه مفيش ف حفلة ال graduation فقرة راقصة زي تخرج هاري بوتر و يبقوا couples و نشغل حاجة كلاسيك و كدة
7.86E+17,neutral,@tariqboogie للأسف ملقتش البتاعه الي بيلبسوها في دماغهم في هاري بوتر قولت دي تمشي
7.86E+17,neutral,RT @mbc2: توم فيلتون يودع هاري بوتر بقصة حب حقيقيةhttps://t.co/15uTf4gmuX#MBC2 https://t.co/hsHQmaR1zn
7.86E+17,neutral,RT @movies_popcorn: تزامننا مع اقتراب عرض فيلم Fantastic Beasts شركه @CinescapeQ8 الكويتيه تعلن عن اعادة عرض اخر جزئين من هاري بوتر بتقنيه…
7.86E+17,negative,@aladab_algarbi القائل هو ممثل دور هاري بوتروللأسف ليس اهلاً لقول الحكم
7.86E+17,neutral,ليه ميبقاش في مدرسه لتعليم السحر زي هاري بوتر ؟؟ 😟
7.86E+17,neutral,@fingo33 عارف هاري بوتر
7.86E+17,neutral,@_hiima انا عارف فولدمرت بتاع هاري بوتر بس مش فاهم والله :D
7.86E+17,negative,"@MaktabaAmma الدعاية التجارية ترفع الكتاب ولو كان المضمون تافه او غير مفيد، مثل سلسلة هاري بوتر وغيرها،فبعض الناس تبحث عن ما لا يجعله يفكر"
7.86E+17,negative,الجزء الخامس في هاري بوتر معجبنيش السؤال هنا اكمل للاخر ولا هيبقوا زى الخامس 😕
7.86E+17,neutral,يصير اقول فلم 🙊 توايلايت -هاري بوتر -قراصنة الكاريبي 🚶 https://t.co/RcVg4bHfjm
7.86E+17,positive,لما غيرت نظارتي خليتها دائرية كان كل البيت يتطنز علي وصرت هاري بوتر وكل شي والحين كل شوي جاي عندي احد يجربها بيشترون مثلها
7.86E+17,neutral,هاري بوتر و كوبري ٦ أكتوبر
7.86E+17,positive,"RT @WorldArt_: الفنانة ميريديث"" تُزين جدران بيتها بكتابة أول صفحة من رواية هاري بوتر. https://t.co/5DjzVbfdni"""
7.86E+17,neutral,الناس المؤمنين بالسحر كان لازم نوضحلهم ان هاري بوتر مو فلم وثائقي
7.86E+17,neutral,قولوا لي انتم مين بقى ما سوا كومباك كل من هب و دب سوا كومباك عدا توني ون كأن واي جي ملبسهم عباية هاري بوتر السحريه 🔥
7.86E+17,positive,@SaeedALGhammdi مدينه يعشقهاالسياح لوجود أعلى قمة uk بن نفيس أيضا قطار هاري بوتر وتلفريك ليست مدينة تسوق طبيعة ساحرة سكانها ودودين بسطاء
7.86E+17,neutral,@aldanahk @girlposts دام انه مال هاري بوتر بستعمله 💅🏼
7.86E+17,positive,اذا ابدعو فيه مثل هاري بوتر بتصير سلسله عظيمه
7.86E+17,positive,ما هو أفضل فلم شاهدته على الأطلاق؟ - سلسة أفلام هاري بوتر   https://t.co/765mfaDtxJ
7.86E+17,neutral,RT @ImaShatha: هاري بوتر صار رابر وانا الى الان ادرس https://t.co/EZ7kwz7Pzi
7.86E+17,positive,@Emma_R94 نوبة كم انتي مذهلة اوه ماي قاد 😂😂😂تخيلتك هاري بوتر
7.86E+17,positive,فيه من ريحة الغالي هاري بوتر 💔 https://t.co/eovXq4WLsN
7.86E+17,neutral,@movies_popcorn هذا فيلم هاري بوتر الجديد
7.86E+17,positive,"بمناسبة إنّي مروحة قريبًا،مافيش حدّ يعرف وين يبيعو في رداء التخفّي متاع هاري بوتر،نبي نلبسه أول يومين فالكلية باش مايضيعش الوقت فالسّلام :/"
7.86E+17,negative,@WhiteAngelPlace ومن قال عنها نظيفه !! هذي السياسه يا تقبلها مثل ما إهيا يا تقعد في بيتكم تطالع أفلام هاري بوتر 🔮🔮
7.86E+17,neutral,يتكلم عن قصة ولد هاري بوتر الصغير اللي اهو الوحيد من اخوانه اللي دخل منزل سليذرن
7.86E+17,neutral,نص اكاونتات هاري بوتر دارولي فولو 😂💗
7.86E+17,neutral,ليته هاري بوتر بس الي يحتريني تحت كل شي من المسلسلات والافلام والانميات يحتريني تحت 😭 https://t.co/Elg5Hw8FYs
7.86E+17,neutral,@iUnthinkable شف سلسله هاري بوتر
7.86E+17,positive,@i0zh_  كنت ادور على هاري بوتر ولقطت😏😏
7.86E+17,neutral,افضلي اتجاهل كل شيء واقعد اشوف هاري بوتر اليوم والله افضل ملجئ
7.86E+17,neutral,قفشت الوله هاري بوتر المصري فالتليفزيون https://t.co/Dntra8yUzb
7.86E+17,neutral,ودي البس عباءة الإخفاء حقة هاري بوتر واروح اعيش يوم مع اللي احبهم اشوف كيف يقضون يومهم واشوف ما وراء الكميرا .😩
7.86E+17,neutral,RT @crybby90s: اللي يحبون كرتون افاتار وافلام هاري بوتر واستديو جيبلي وين ألقاهم ؟
7.86E+17,positive,@MahoPalmer @TMZinArabic كانه هاري بوتر😂💔💔
7.86E+17,neutral,المفروض فيه قوانين تكفل حقوقنا لأن البنت حتى لو لبست عباية الإخفاء حق هاري بوتر بيتحرشون بها السلق #فتاه_تضرب_متحرش
7.86E+17,positive,* لغات وترجمه * تنكر بيل - بيتر بان * ديمي لافاتو *هاري بوتر * موهبه كتابيه خلابه ✨ https://t.co/cuOuuN1jEo
7.86E+17,neutral,"التعويذات المذكورة في سلسلة أفلام هاري بوتر هي كلمات حقيقية ، من لغات مختلفة ، وكلها تأتي بصيغة الأمر بنفس طريقة التعويذات السحرية"
7.86E+17,negative,لا والله كنت بكره الواد الخول ميلفوي ده وكان بياخد في طيزه من هاري بوتر في أي حاجة ينافسه فيها https://t.co/S7l1FqLijn
7.86E+17,neutral,@s8nscookie @ilxne الله معاي ياكوكي ومعاي تعاويذ هاري بوتر السحريه 
7.86E+17,positive,عندي وحده تشبه هاري بوتر يا انها كيوتيه😨!😭💗
7.86E+17,positive,لولا هاري بوتر عليا بس❤️😳
7.86E+17,positive,واحد من ابطال هارى بوتر جاى فى فلاش
7.86E+17,positive,RT @mbcmax: إيدي ريدماين يخترق عالم هاري بوتر في تريلار #FantasticBeastsAndWhereToFindThemhttps://t.co/qt6tTTuVYq#MBCMAX https://t.co/ASf…
7.86E+17,neutral,RT @HamdanHrb: ابك يولد هاري بوتر فلم للورعان شجرة تمشي وضفدع يتكلم ميخييييس https://t.co/0aYQBBGj9F
7.86E+17,neutral,@AdelsGrail فيه عن كل شخصيات هاري بوتر غوغله 😂
7.86E+17,neutral,@0Fajar0 تابعتي سلسلة هاري بوتر؟
7.86E+17,positive,يعني مش هاري بوتر زي ما الامورة دي ما بتقول 😂 https://t.co/ZVf6EYb0UV
7.86E+17,negative,هم يتغزلون و انتي مثل بومه هاري بوتر توصلين الكلام https://t.co/lWEFPRK0tj
7.86E+17,positive,في زمنالآيفونالأنترنتبرشلونةديورهاري بوترديزنيبوينغماكدونالد نحن لسنا أمتداداً لأحدبل أمتداداً لرغباتنا وحاجاتنابالحضارة الكونية
7.86E+17,neutral,RT @sxahl: هاري بوتر ⚡️. https://t.co/hkLH2FJ9Ht
7.86E+17,positive,ساوند تراك هاري بوتر و مقدسات الموت يفوز بـ احمل ساوند تراك على الاطلاق بعد قيم اوف ثرونز 💛💛
7.86E+17,negative,الله ينعلكم وينعل هاري بوتر فوقكم.
7.86E+17,neutral,@almaith_3a @HGH__18  نشطتها مال هاري بوتر احس 😂
7.86E+17,positive,من يتفرج معايا ع هاري بوتر
7.86E+17,neutral,هو كان اسمه بوتر وكان دايما يتأخر في التصوير والمخرج يكلمه يقله هاري بوتر هاري بوتر لحد ماطلعت عليه..
7.86E+17,neutral,@Khomene1 ذكروني بغاندالف في سلسلة افلام هاري بوتر هولاء الدلوخ😂😂
7.86E+17,neutral,من باقي ما اقنعته يشوف هاري بوتر؟ https://t.co/HHcTOWn5di
7.86E+17,neutral,@Mohammed_Unitedوش اللي معجبك بلورد اوف ذا رينقز؟ هاري بوتر مختلف عن(لاذر)جي كي بنص كل فلم تحسسك انك قافط الوضع ومتوقع الاحداث لكن بالنهاية=
7.86E+17,negative,@Ser_Arthur4 كاتي شخص عاطفي صعب يعترف بافضلية مسلسل او فلم على الانميات .. يذكرني بنفسي قبل لا اتابع هاري بوتر مع انه تابع ضعف اضعافي
7.86E+17,positive,RT @znb_khan: احب فيلم هاري بوتربكل شخصياته 😍 https://t.co/j5iYrZbpXs
7.86E+17,positive,@HamdanHrb بصراحة سلسلة عظيمة مثل هاري بوتر حرام تتابعها بغير البلوراي
7.82E+17,neutral,RT @abozaid1898: وضعيت stc مثل وضع هيلاري كلنتون 😂😂😂😉😉😂😂😂 #الغاء_متابعه_STC https://t.co/mGKkJv2svc
7.82E+17,neutral,RT @naizaktv: فيه بعض الطلبات أتتني لترجمة مناظرة هيلاري كلنتون وترامب اللي كانت اليوم وصعب ترجمتها كاملة لكن هل تؤيد ترجمة بعض المقاطع منه…
7.82E+17,negative,RT @Xxsarsa: #واشنطن_افتعلت١١سبتمبر اتوقع دي المفروض تحاسب عليها هيلاري كلنتون دعمت القاعدة في أفغنستان ضد الاتحاد سوفيتي ...! https://t.co…
7.82E+17,neutral,@Dhahi_Khalfan لو كنت مكانك معالي الفريقساقترح على شيوخ الخليجارسال شاب خليجي(حليوه) ليتزوج جيلسي بنت هيلاري كلنتونمافيش حداحسن من حد
7.82E+17,neutral,"حظوظ المرشح الرئاسي الامريكي عن الحزب الجمهوري دونالد ترامب تتقدم على مرشحة الحزب الديموقراطي هيلاري كلنتون بعد مناظرة البارحة ، والآتي اعظم"
7.82E+17,negative,@wqqadd @Salansar1 والله محد ورع الا انت امريكا هي من جاب الاخوان يحكمون مصر وارجع لمذكرات هيلاري كلنتون وشوف ايش قالت يا حمار
7.83E+17,neutral,ما لا تراه على التلفاز منافسة شديدة بين المرشحين #هيلاري_كلنتون  و #دونالد_ترامب https://t.co/nvyytO5f1y
7.83E+17,negative,@lioahmed7 @pesar711 @_966_911 @2FghFJPLdzhcIU5 @aashsh66774 هؤلاء صناعة المخابرات الامريكيه كما ذكرت هيلاري كلنتون !! وداعش ايرانيه !!
7.83E+17,negative,"RT @WajdWaqfi: عفوا؟ اوباما سحب هيلاري كلنتون معاه""؟! هههههه هيلاري لم تذهب لجنازة بيريز. عن جد كاذب و مضلل https://t.co/uDU3xXoWEY"""
7.83E+17,neutral,"ترامب شخصية لا تصلُح لرئاسة دولةالرجل لايملك كاريزما""  الرؤساءاما هيلاري كلنتون واضح انه (بنت رجال ) وعندها نز… https://t.co/mvCjakWd15"""
7.83E+17,neutral,اش ذَا الإصرار ان هيلاري كلنتون تفوز ..! https://t.co/QmwyPVRDZL
7.83E+17,neutral,#السعودية #الكويت #البحرين #اليمن #مصر #سوريا هيلاري كلنتون ستنصر التاسلمات على شيخي المجدد بوتين. هذه معركة اتمنى اني اشوفها كع كع كع
7.83E+17,neutral,النيويورك تايمز توضع حظوظ هيلاري #كلنتون https://t.co/lFDsKdiMt5
7.83E+17,negative,هيلاري كلنتون:منافسي ترامب معجب بالطغاة مثل فلادمير بوتين...#روسيا
7.83E+17,neutral,#انطلاق_سعوديات_ضد_الاسقاط    المرأه السعوديه حلمها فقط أن تملك نفسها وتصير ولية نفسها بينما هيلاري كلنتون أصبحت رئيسة أقوى دوله في العالم.
7.83E+17,negative,RT @AAN_KSA1: ⁧#الارهاب_صناعه_امريكيه_لاسعوديه⁩ ⁧#قانون_جاستا⁩محمد الملا يتكلم عن مذكرات هيلارى كلنتون https://t.co/KMf4l24SOw
7.83E+17,negative,@Epic_moi هيلارى كلنتون شنب😂هي سبب فوز زوجها بيل بالرئاسة الامريكيه.الانتخابات حاليا صراع الجهل والثقافهلكنها كلاهما نتن
7.83E+17,negative,هيلاري كلنتون لم ولن تنسى خيانة زوجها لها وسر تمسكها به لأنهم من جيل لا يعرف الطلاق.
7.83E+17,negative,أتوقع.. أن فازت هيلاري كلنتون فلن تنتهي فترتها الا بفضيحة جنسية (قديمة)فمونيكا (اليهودية) مافضحت كلينتون الا بعد سنتين@mesfrah84
7.83E+17,negative,RT @almelaifi: 7⃣بل ان ما تعرضت له السعودية والكويت ومصر والجزائر وتونس وليبيا وغيرهامن عمليات إرهابية كانت نشأتها برعاية أمريكية باعتراف ه…
7.83E+17,neutral,اللي رفضوا حكم الإخوان هما اللي عاوزين هيلاري كلنتون #Egypt #Clinton #Clinton2016 #Sisi #Muslims #Islam
7.83E+17,negative,@saeedlow @ahmedal3onan @HASON_itti @Uiiiu88 روح ابتهل وادعي ان هيلاري كلنتون تولى امرك وموترامب لان بيكون مافي نت عشان اشمت فيك ذيك الساعة
7.83E+17,neutral,دعوة الست قصده هيلاري كلنتون مثلا
7.83E+17,negative,لا أجد سبباً مقنعاً لنشتم #ترامب المرشح #الجمهوريالفرق بينه وبين #هيلاري #كلنتون و #أوباما ومن قبلهم في #امريكا أنه رجل واضح في عداءه لنا
7.83E+17,neutral,يا ترى بين هيلاري كلنتون  ودونالد  ترامب مين نختار؟؟
7.83E+17,negative,سيعلن جوليان أسانج مؤسس منظمة ويكليكس و من لندن عن فضيحة يقول انها ستحطم ☠هيلاري كلنتون و تنهي عائلة كلنيون. #تاسي #كويت #بورصة #فوركس
7.83E+17,negative,سيناتور ديمقراطي يطالب باغتيال أسانج مؤسس ويكليكس .هيلاري كلنتون تطالب باغتياله بطائرة دون طيار .وتأيد لهذا الطلب… https://t.co/WBwJflKzte
7.83E+17,negative,@AlshibliYounis سيقدم دليل ان هيلاري كلنتون طرحت فكرة تصفية الرجل بسبب التسريبات التي يقوم بها
7.83E+17,negative,"نقل إعلان مؤسس #ويكيليكس المهم اليوم من لندن إلى برلين، وسيخص بالذكر هيلاري كلنتون التي اقترحت مهاجمته بطائرة بدون… https://t.co/zYmh9yvCHR"
7.83E+17,negative,RT @NourHammoury: مؤسس ويكيليكس سيقوم باعلان مهم اليوم من لندن ويخص بالذكر هيلاري كلنتون ويقول انها ستنتهي بعد هذا الاعلان طبقاً لموقع ويكي…
7.83E+17,neutral,هيلاري وبيل كلنتون في جامعة يال عام ١٩٧٢ https://t.co/ejhHwyt0ZL
7.83E+17,neutral,RT @218Tv: #218TVظل المصور يظهر على جناح طائرة تهبط منها هيلاري كلينتون#مصور #ظل #طائرة #هيلاري_كلنتون https://t.co/GLeRVIHhZ6
7.83E+17,positive,"RT @AbdullahSBuKham: وبعد نسيت اقولكم، قبل ٧٠ سنة كان الوضع عندهم #اختاه_موتي والحين المرشح الأقوى لقيادة البلاد هي #اختاه هيلاري كلنتون."
7.83E+17,negative,مرشحان أفضلهما سيئ!: سالم مشكور /خرجت مرشحة الرئاسة الاميركية هيلاري كلنتون متفوقة على منافسها دونالد ترامب ... https://t.co/AHZri1fC7f
7.83E+17,negative,اللهم أنصر السلفي الوهابي دونالد ترامب علي الشيعية الرافضية هيلاري كلنتون
7.83E+17,negative,غالبا كل الاخونجية والاسلاميين يؤيد هيلاري كلنتون وينقولون أخبار تفوقها بالاستطلاعات مثل منظمة كير الاخوانية@CAIRNational
7.83E+17,neutral,شتان بين هيلاري كلنتون ونورية بن غب... 🌚
7.83E+17,negative,@Abdulkhaleq_UAE على إساس هيلاري كلنتون من شعب الله المختار كلهم كل واحد ألعن من الثاني
7.83E+17,negative,الفرق بين المرشحين هيلاري كلنتون وترامب ١-هيلا كلنتون 👈🏻عدوا مخفي ٢-ترامب👈🏻عدوا واضح
7.83E+17,neutral,كتلة الجمهوريين  في مجلس الشيوخ  وعدو هيلاري كلنتون انهم سوف يتعاملون معها افضل من تعاملهم مع اوباما
7.83E+17,neutral,أنا والله اتمنى (ترامب) هو الي يفوز على هيلاري كلنتون..والسبب:انه يعطينا وقت قبل الكوارث😂لكن ماأظن ابداً 💔https://t.co/KUiJqBznu8#ماسوون
7.83E+17,neutral,ستبدأ بعد ساعه ونصف اول مناظره بين المرشحان لنائب رئيس الولايات المتحده وهما#تيم_كين  نائب ل#هيلاري_كلنتون#مايك_بنس  نائب ل#دونالد_ترامب
7.84E+17,negative,على وقع حمى الانتخابات الأميركية ويكليكس تكشف عن دور هيلاري كلنتون ودعمها للإرهاب تقرير : قسم الأخبارقراءة :... https://t.co/VdqsJXdKSN
7.84E+17,positive,"RT @bochirh: استطاع #القفطان_المغربي  الضاربة أصالته في عمق التاريخ بتعدد أشكاله،وألوانه،أن ينال إعجاب أشهر الشخصيات في العالم من بينهم هيل…"
7.85E+17,negative,RT @hanghali: @ayman_almaz24 مؤسسة كير الاخوانية بتمول حملة هيلاري ومؤسسة جوزها كلنتون الخيرية عايز منهم ايه ؟!
7.85E+17,negative,حملة هيلاري كلنتون تؤكد وجود سماسرة اردنيين يشترون اصوات لترامب وخصوصا باوهايو 😂
7.85E+17,negative,RT @fahadalajmi_101: العاهرة الأمريكية (هيلاري كلنتون) تهدد الكويت والسعودية وقطر وتتهمهم بدعم الإرهاب وتتطاول على مساجدنا وديننا الحنيف ht…
7.85E+17,negative,لا فرق بين هيلاري كلنتون وترامب في مواقفهما المعاديه للإسلام وللعرب والمسلمينلاتنتظروا سياسه معتدله ومنصفه من أمري… https://t.co/57AB9uZOvV
7.85E+17,negative,@saudiguer 32013 او 2014هيلاري كلنتون اتفقنا مع الاخوان لاعلان داعش https://t.co/9NHkbLv1Ry
7.85E+17,negative,@saudiguer #بس_اقوللاتفرح كثير اذا ترشحة هيلاري كلنتون للرئاسه
7.85E+17,negative,RT @a7m_abo: هيلاري كلنتون لابوج لابو شرفج يالعاهرة تعرفين الارهاب والتطرف وداعش منكم ومن عملائكم ايران والعراق والمجوس لاتستصغرونا عقولنا…
7.85E+17,neutral,RT @USAinArabic: المناظره الثانيه بين #دونالد_ترامب و #هيلاري_كلنتون التاريخ:الاحد 9 اكتوبر 2016الوقت :الساعه 9 بتوقيت واشنطن (الاثنين 4…
7.85E+17,neutral,RT @NirvanaMamdouh: رد فعل الناس في الشارع لما المذيع اشتغلهم ان #هيلاري_كلنتون انسحبت من ترشيحها للرئاسة و #ترامب بقى هو الرئيس 😅 https://…
7.85E+17,negative,RT @almuharrmi: هيلاري كلنتون في تسريب لويكيليكس: السعودية صدرت أشد الإيديولوجيات تطرفا في العالم.. يبدو أن معاداة السعودية ستستمر طويلا في…
7.85E+17,neutral,@3li_3abdenبحاكي في هيلاري كلنتون 😹😹😹😹😹 https://t.co/IoUKGKhrFP
7.85E+17,negative,المسلمون يؤمنون ان المراة لاتقود امة ومع ذلك يتمنون فوز هيلاري كلنتون وكلاهما اشد  اعداء الاسلام
7.85E+17,neutral,@Abdulkhaleq_UAE أراهن أن مجلس الحكماء في امريكا وإعلامهم اسقط دونالد ترامب وأوصل هيلاري كلنتون لسدة البيت الأبيض.وبتوقيت جيد معد له مسبقاً.
7.85E+17,negative,قنوات العهر العربي تعرف بان هيلاري كلنتون تقدمت على منافسها في استطلاعات الراي بينما لاتعرف ماالذي حدث في صنعاء !
7.85E+17,neutral,"RT @baduasahra: رغما عن هيلاري كلنتون (infowars) وترويج المغرب لسحب زامبيا لإعترافها ب #الصحراء_الغربية ، الرئيس الزامبي يؤكد متانة علاقات…"
7.85E+17,neutral,"RT @f9oo: أدعى ان هيلاري كلنتون انسحبت من سباق الترشيح للرئاسة الامريكية و ان ترامب هو الرئيس القادم، فقط حتى يشوف ردة فعل الشارع الامريكي.…"
7.85E+17,negative,كيف سيواجه ترامب هيلاري كلنتون الليلة بعد فضيحته ؟
7.85E+17,negative,اصبح واقعا فوز هيلاري كلنتون بانتخابات الرئاسة لانه ارتكب جملة خطايا منها انتقاداته للسيدات السود   وتهربه من الضرائب وانسحاب نواب من دعمه
7.85E+17,negative,"RT @Aboshehab_q8: اذا كان معاوية خال المؤمنين، فلابد وان تكون هيلاري كلنتون خالتهم، وجولدا مائير عمتهم، وتسيبي ليفني مرضعتهم 💦 https://t.co…"
7.85E+17,negative,تقول هيلاري كلنتون: إسقاط الأسد اولوية لي. https://t.co/8qioYxkNYp
7.85E+17,neutral,هيلاري كلنتون يوم كانت مراهقه 🌝1969 https://t.co/vHPCC3mmzc
7.85E+17,neutral,من الواضح ان الاحزاب السياسية في امريكا متفقه على ان تكون هيلاري كلنتون هي الرئيس القادم للولايات المتحدة... https://t.co/5xpNYy5K7A
7.85E+17,positive,"RT @mmmaltami: شعب يحب التجديد، منح فرصة للسود (أوباما) والآن النساء (هيلاري كلنتون) https://t.co/qSFEg8C9Bx"
7.85E+17,neutral,RT @awsalghunaim: هيلاري كلنتون يوم اهي بنت في عام 1969 https://t.co/YWCNEczmSR
7.85E+17,negative,من الفضاوه والملل ناطرين مناظره هيلاري كلنتون مع ديشامب. ماكوووو شغل
7.85E+17,negative,@AbuAbufadel هيلاري كلنتون تصلي من اجل وسخ الدنيا والرئاسة الملعونه تنافق لليهود من اجل كرسي الرءاسه لان الصهيونيه العالميه تقرر من الرءيس
7.85E+17,negative,نزال الليلة سوف يدخل فيه ترامب مجروحآ. ليس لديه ما يخسره. اتوقع بيغامر وبيهاجم عائلة كلنتون خصوصآ فضيحة بيل. هيلاري ذكية سوف تتركه يدمر نفسه
7.85E+17,neutral,"RT @azizeyah: شاهدت جزاءًمن المناظرة بين المترشحين للرئاسةالأمريكية:الديمواقراطية هيلاري كلنتون والجمهوري دونالد ترامب، وبغض النظرعمن سيفوز…"
7.85E+17,neutral,RT @TheTopVideo: مذيع يخدع المارة ويعلن أن #هيلاري_كلنتون انسحبت من الترشيح للرئاسة الأمريكية وأن #ترامب هو الرئيس !..شاهد ردة فعل المارة…
7.85E+17,negative,"من المعتقدان الكثيرمن #حكام_العرب لايتمنون عدم فوز #ترامب ليس لأن #هيلاري_كلنتون أفضل،وإنماهي يمكن تبتزهم وتمالئهم،لكن ترامب سيبتزهم ويفضحهم"
7.85E+17,negative,@waleedAlnomasy @Spamforda3sh هيلاري كلنتون تقول ان داعش صنيعتنا بمساعده بعض الدول والسعوديه على رائس تلك الدول هذا كلام عمتك مو ايران
7.85E+17,neutral,RT @AlJarasMagazine: #روبيرت_دنيرو: #ترامب كلب صوتوا لـ #هيلاري_كلنتون - بالفيديو @realDonaldTrump @HillaryCli... https://t.co/fuzvVHyBaT h…
7.85E+17,negative,"انا اشفق على هيلاري كلنتون فهي مضطره لمناظره خبل"" نص كلامه مو مفهوم"""
7.85E+17,neutral,ابوي يقول اذا عجزتي بتصيرين زي هيلاري كلنتون هههه🙂💔
7.86E+17,neutral,#watanhor #وطن_حر | عين على البرلمان - هيلارى كلنتون ترشق دونالد ترامب باتهاما لما قاله عن النساء… https://t.co/GDSBBV02pU
7.86E+17,positive,هيلاري كلنتون تقول أريد أمريكا الكل فيها يساهم في البناء بغض النظر عن اصولو أو ديانتو إنشاء الله يكون هذا التصريح قول و فعل# Usa
7.86E+17,neutral,راعي غنم يقول اختلف مع هيلاري كلنتون ~ يالله مالنا غيرك
7.86E+17,neutral,"RT @ajmubasher: لمتابعة المناظرة الرئاسية الثانية بين المرشحة الديمقراطية هيلاري #كلنتون ومنافسها الجمهوري #ترامب، اليوم في تمام 4 عصرا بتو…"
7.86E+17,neutral,ترامب حاول يبرر فضيحته ب ان بيل كلنتون فضيحته اكبر منه ؛هيلاري تعجبني شخصية و قوة ثبات رهيبه 🌸
7.86E+17,negative,وجهان لعملة واحدة اسمها #امريكاسواءً هيلاري كلنتون او ترامب فكلاهما يعملون بخطة واحدة وهي دمار #العالم https://t.co/CKXaG2a8j7
7.86E+17,neutral,RT @ajmubasher: ما هو تقييمك لأداء دونالد #ترامب و هيلاري #كلنتون.. في #المناظرة_الثانية؟ #كلينتونvsترامب https://t.co/hDAVTlIdqR
7.86E+17,neutral,RT @CadmusTV: الملخص للمناظرة الاولى... https://t.co/uN3dNVxRSL#المناظره_الثانيه  #كلنتون #ترامب  #هيلاري_كلينتون #دونالد_ترامب #المناظرة…
7.86E+17,neutral,تبقى مناظرة اخيره بين المرشحين للرئاسة الامريكية. اظن بل اجزم ان الفوز سيكون من نصيب هيلاري كلنتون. والعلم عند الله لكن المعطيات تقول ذلك
7.86E+17,negative,"كيف يسمح الشعب الامريكي بانتخاب رئيس مثل ترامب ، بعد ان هدد هيلاري كلنتون بالسجن اذا انتخب رئيس ، يجب ان يحاكم ...!."
7.86E+17,positive,مبروك ل هيلارى كلنتون للرئاسة امريكا
7.86E+17,neutral,@MISS_3DN هيلاري كلنتون
7.86E+17,negative,لما اشوف هيلاري كلنتون ودونالد ترمب يتهاوشون اتذكر فام the campaign
7.86E+17,negative,RT @aaww99d: #ترامب : لو أصبحت رئيساً #لامريكا سوف ارسل #هيلاري_كلنتون للسجن🏃🏽😂 #ثور_قادح 😅
7.86E+17,positive,RT @AmarX20: هيلاري كلنتون اذا فازت هي أول آمرأه تحكم امريكا بعد44 رئيس أمريكي منذ أول انتخابات للولايات المتحدة الامريكيه عام 1788ميلادي ب…
7.86E+17,neutral,"قدوم هيلاري كلنتون يعني استحالة تسليم غولن إلى تركيا، وذلك لأنّ جزءا  كبيرا من الأموال التي تملكها الجماعة يذهب لتمويل السياسيين الأمريكيين."
7.86E+17,positive,"#90دقيقة | معتز بالله عبدالفتاح""المناظرة الاخيرة فى صالح #هيلاري_كلنتون... https://t.co/vRZSD0ttys"""
7.86E+17,negative,باعتقادنا ان هيلاري كلنتون ستكون رئيسة أمريكا نظرا لما قدمته خدمة لدولتها في التهيئة والتخطيط لربيع فوضى العرب 2011 ونجحت بالايقاع بالاخوان
7.86E+17,negative,@mervatelraf @saaid_fathy @magyhamed204 هيلارى كلنتون تقترب من السبعين .يعنى هى ف عز شبابها ياصغنن
7.86E+17,negative,RT @Dotmsr: تسريبات ويكيليكس| هيلاري #كلنتون: #قطر تدعم #داعش وهذه خطة المواجهة لتفاصيل أكثر  https://t.co/iP2OnsIpui https://t.co/DwfAu93…
7.86E+17,neutral,في الفندق تواجد عدد من قيادات المشترك العادية لمقابلة هيلاري كلنتون ولكن لتأخرها في مقابلة صالح تم الغاء الموعد المحدد العلني
7.86E+17,negative,RT @alrowaishany: من أخطر الفيديوهات الخطيرة على الإطلاق.هيلاري كلنتون تفضح امريكا بصناعة داعش بدعم سعودي. https://t.co/3gdUqY4uqs
7.85E+17,neutral,بالفيديو.. مايكروسوفت تُطوّر “الرسّام” ليتلاءم مع ويندوز 10 https://t.co/3Q3WurZlAY https://t.co/Elw5QfD2wJ
7.85E+17,positive,أفضل أجهزة الكمبيوتر المحمولة التي تعمل بنظام ويندوز 10 https://t.co/MSgxXmH7I3
7.85E+17,neutral,RT @syst__em: تطبيق الرسام الجديد .. قادم إلى #ويندوز 10https://t.co/tqdNBSku41
7.85E+17,neutral,@naeema111 هذا بيرفكت تقريباسريع رامات كبار شاشة كبيرة ويندوز 10بس في موصفات زي مثلا شاشة لمس و منافذ USB و HDMI لازم تحطينها فالحسبتن
7.85E+17,positive,يخي ويندوز 10 عنجد فخم 👏👏
7.85E+17,positive,Just Enough Administration = #JEAميزة جديدة في ويندوز ٢٠١٦ لتحكم اكثر في نظام الصلاحيات.#أمن_المعلومات  https://t.co/SwLoWMgsEG
7.85E+17,positive,“أنستجرام” تطلق تحديثا جديدا لتطبيقها على منصة ويندوز 10 موبايل https://t.co/nihxWXDoks
7.85E+17,neutral,RT @qatnology: تطبيق الرسام الجديد القادم لنظام ويندوز 10 😍 https://t.co/3loNAX3xU2
7.85E+17,positive,RT @egyforever1: البرنامج العملاق لتسريع وصيانه ويندوز 10 الجديد واصلاح اخطاؤه ' Windows 10 Manager 1. - لايف https://t.co/GePXpkgyWz
7.85E+17,positive,ويندوز 10 احسن من 8 و 8.1 بكتير
7.85E+17,neutral,حد معاه ويندوز 10 ؟
7.85E+17,positive,استعد لهاتف Moly X1 بنظام ويندوز 10 بدعم من منصة Indiegogo - https://t.co/3TTTW2Pewn https://t.co/Dk258Ofkek
7.85E+17,positive,"RT @WPhoneApps: سيتم الإعلان عن أهم المزايا القادمة في تحديثين مهمة لويندوز 10 السنة القادمة، وبعض هذه المزايا خاصة بانسجام اللعب بين حواسي…"
7.85E+17,neutral,ما طريقة إيقاف ميزة «التعرف عليك» في ويندوز 10 ؟ - https://t.co/sA75F1nXdQ https://t.co/3ic864d1E6
7.85E+17,neutral,"RT @WPhoneApps: مايكروسوفت توجه الدعوات لمؤتمر خاص بويندوز 10 في 26 أكتوبر ، وسيركز المؤتمر على رؤية ويندوز 10 وتحديثاته القادمة وسيعلن عن…"
7.85E+17,neutral,تطبيق قياس سرعة الإنترنت https://t.co/xWuyOhXCbV متاح الآن على ويندوز 10 https://t.co/fouYJD1qUk https://t.co/ttclM0epd1
7.85E+17,positive,تطبيق يقوم بتحويل هاتفك الاندرويد الى جهاز كمبيوتر يعمل بنظام تشغيل ويندوز https://t.co/5Hjkr6t6Zd
7.85E+17,positive,#تويتسو_خبر | برنامج قياس سرعة الإنترنت أصبح متاح على نظام ويندوز 10https://t.co/DLA1vktO8r https://t.co/WHKuMXq2VG
7.85E+17,neutral,RT @shorii616: ابي احمل برنامج Megastat على ويندوز 10 كيف 🌚💔؟ #حاسوبيات
7.85E+17,neutral,كيفية إيقاف إعلانات التطبيقات في ويندوز 10 https://t.co/1jsuoL9oqZ by #zppq123 via @c0nvey
7.85E+17,neutral,تحميل نسخة ويندوز 10 الإنتربرايز تحديث 2016 +التفعيل | Download windows 10 enterprise:
7.85E+17,neutral,كيف تقوم بإنشاء نسخة ويندوز وهمية للطوارىء ( ويندوز انقاذ ) !: تكلمنا من قبل عن ان سطح المكتب فى اى نظام تشغي... https://t.co/aXbTSQ08n6
7.85E+17,neutral,تحميل برنامج Windows 10 النسخة النهائية من ويندوز 10 باللغة الانكليزية الرابط
7.85E+17,negative,البعض يواجه مشكلة في تغيير نسبة الإضاءة في نظام ويندوز 10المشكلة موجودة بكثرة قبل تحديث ميكروسوفت السنوي اللي صدر قبل فترة ليست بالطويلة.
7.85E+17,neutral,@Ahmed_ALHasani ويندوز 10 ممتاز بس جلب مشاكل واجد في لاب توب منها الاضاة الي حلتها ومنها انه الجهاز يعلق على فترات اذا تركته من دون استخدام
7.85E+17,neutral,"RT @AJArabic: الرسام"" يعد من أقدم البرامج المدمجة في نظام ويندوز وتعود أول نسخة منه إلى عام 1985https://t.co/XB2PwssMCw"""
7.85E+17,neutral,قياس سرعة الانترنت Speed Test متوفر الان على ويندوز 10 https://t.co/u9LgMW0pRI https://t.co/4MpCNx9WHi
7.85E+17,neutral,أضفت فيديو إلى قائمة تشغيل @YouTube على https://t.co/MtfdW72fqR تحميل نسخة ويندوز 10
7.85E+17,positive,ويندوز 10 ياتى باصدار جديد من برنامج الرسام: ويندوز 10 ياتى باصدار جديد من برنامج الرسام في اصدار [...]هذا المقال ويندوز 10 ياتى باص...
7.85E+17,neutral,فيديو : إعادة تصميم اداة paint على ويندوز 10 من مايكروسوفت#ويندوز_10 https://t.co/38OdnVgPFX
7.85E+17,neutral,"@sonicc1234 @saudigamerبتنزل على البي سيويندوز 10"""""
7.85E+17,negative,ويندوز 10 لما بيعمل ابديت بخرب بدل ما بحسن
7.85E+17,positive,RT @smartechdaily: تحديث كبير قادم لبرنامج Paint (الرسام) لنظام ويندوز 10مقطع لإستعراض التحديث👇🏻https://t.co/KNWrFCTRrz
7.85E+17,positive,أفضل الطرق لإلتقاط الصور لسطح المكتب في ويندوز 10 بدون برامجhttps://t.co/T7GtXzcYNw#ضد_التغييرات_للثاني_عشر… https://t.co/I076JED9cp
7.85E+17,neutral,RT @arabia2_com2: إطلاق حواسيب Dell XPS 13 بنظام #ويندوز_10 ونسخة بنظام Ubuntu 16.04 LTS#الاخبار_التقنيةhttps://t.co/EVNXhamU7v https:/…
7.85E+17,neutral,RT @arabia2_com2: معرض #IFA_2016: الكشف عن الحاسوب Acer Swift 1 بنظام ويندوز 10#الاخبار_التقنيةhttps://t.co/xWscneFxUG https://t.co/agR…
7.85E+17,positive,RT @arabia2_com2: #مايكروسوفت تطلق نسخة معاينة جديدة من نظام #ويندوز 10#الاخبار_التقنيةhttps://t.co/abJYDa4rMh https://t.co/8BduGAqFVS
7.85E+17,neutral,RT @arabia2_com2: #مايكروسوفت تبدأ بطرح التحديث السنوي لنظام #ويندوز_10 للهواتف#الاخبار_التقنيةhttps://t.co/qZO5JilomQ https://t.co/1Ww…
7.85E+17,neutral,RT @arabia2_com2: #إتش_بي توقف اعتمادها على نظام #أندرويد وتتحول إلى ويندوز 10#الاخبار_التقنيةhttps://t.co/0I8U2p179s https://t.co/U83e…
7.85E+17,neutral,أين الكيبورد المرئية في ويندوز 10 ؟ https://t.co/pkw9Bptjsm
7.85E+17,positive,اقوى نسخة ويندوز فى العالم 400 نسخة فى اسطوانة واحده ويندوز 7+8+8.1+10 بجميع اللغاتمن الممكن لك ان تكون حملت... https://t.co/JcQSRXwQNi
7.85E+17,negative,كسم ابديت ويندوز 10 على سكشن 9
7.85E+17,negative,هاكر يخترق ويندوز 10 ويشغله على شاشة السيارة https://t.co/gRpj3F82g3 #أخبار_الخلافة #إصدارات_الخلافة
7.85E+17,neutral,@rashed_25 السلام عليكم ابي انزل سناب بلس وعندي ويندوز 10
7.85E+17,neutral,بالفيديو.. مايكروسوفت تعيد تصميم تطبيق paint على ويندوز 10https://t.co/3wJzMZWsc9 https://t.co/XohfLOKZ9G
7.85E+17,positive,"ترقبوا مفاجأة  ويندوز 10 "" في 26 اكتوبر الجاري ... مش هتقدر تفتح عينيك !! https://t.co/xm5PZ5QeKW"""
7.85E+17,neutral,"@iomanitech مرحبا ، عندي ويندوز 10 واريد اغيره من اللغه العربيه الى الانجليزيه ويش الطريقه حاولت اكثر من مره بس ما صار"
7.85E+17,neutral,@kheyzaran اصل داشت ويندوز 10
7.85E+17,neutral,برامج لكشف #الملفات_المكررة في جهاز #الكمبيوتر الذي يعمل بنظام #ويندوز تقترحها #نايلة_الصليبي https://t.co/IChsVzR0OY
7.85E+17,neutral,طريقة تعطيل محرك البحث بينج في ويندوز 10 https://t.co/gcEvv741Nx
7.85E+17,positive,بشرى حل مشكلة جامع خادم الحرمين الشريفين في ويندوز 10 https://t.co/tCb2YcFvTn
7.85E+17,neutral,I liked a @YouTube video from @sgtdhmas https://t.co/hLnNiDIKj7 شرح تثبيت نظام ويندوز 10 (الفورمات) +
7.85E+17,neutral,مايكروسوفت😡 نزلت تحديث من ضمن التحديثات الاختيارية 😕يلغي اعلان ويندوز 10 وكل ملحقاتهحمل التحديث من هون خيو👇وريتويتhttps://t.co/X4yGqMVkYV
7.85E+17,neutral,RT @qatnology: استعراض لتطبيق الرسام الجديد لنظام ويندوز 10تقدر تسوي صور ثلاثية الابعاد فيه وبسهولة بعد 👌🏼 https://t.co/LIvXLloIQt
7.85E+17,positive,@navydroidd تطبيق لتحويل الاندرويد بالكامل الى جهاز كمبيوتر لتحكم مثل ويندوز ولينكسhttps://t.co/WLKiE1dN9J https://t.co/llABiiTep6
7.85E+17,neutral,https://t.co/9clh37ysrVتحميل ويندوز 10 عربي 32 بت iso برابط مباشر https://t.co/5fZUqQIzva
7.85E+17,positive,[ شرح ] : حل مشكلة اللغة العربية في ويندوز 7 و ويندوز 10 مشكله اتجاه الكتابة في الوورد . https://t.co/Md0p0qxfLj
7.85E+17,neutral,ويندوز 7+8+8.1+10 نسخة فى اسطوانة واحده بجميع اللغات  ومجموعة النسخ هم 400 نسخة فى اسطوانة واحده بصغية ايزو… https://t.co/R7ietPrMIf
7.85E+17,neutral,"@FrelKitsune @ThePliskin كلام فاضي، نظام الجهاز ويندوز 10 ويقدر الشخص يتصفح عربي فيه. وكمان تعريب الجهاز شيء، وتعريب لعبة شيء ثاني."
7.86E+17,neutral,@FerasAllaou   أربعمائة مليون جهاز ليست 1% أنا أتحدث عن ويندوز 10 بشكل عام و ليس فقط نسخة الهواتف.
7.86E+17,positive,“بلاي ستيشن4” يدعم اللعب باستخدام كمبيوتر ويندوز…https://t.co/Y0qwCsg1WS #ريال_مدريد #برشلونة
7.86E+17,neutral,استعادة جهات الاتصال المحذوفة بعد التحديث إلى ويندوز 10 https://t.co/d7QIvDDgCG
7.86E+17,positive,مايكروسوفت تتيح الترقية مجانًا لـ ويندوز 10 لأصحاب النسخ... https://t.co/JMCeCyMqlo
7.86E+17,neutral,شرح تثبيت نظام ويندوز 10 (الفورمات) + نصائح مهمه بعد التثبيت |2017|:
7.86E+17,negative,ويندوز 10 بيعمل تقريبا كل حاجه بمزاجه والموضوع مخيف
7.86E+17,neutral,لعبة FIFA 17 متاحة الان على ويندوز فون https://t.co/UlfnGyJ2x5 https://t.co/UChPdP92zQ
7.86E+17,positive,سكايب يطلق نسخة على نظام ويندوز 10 للهواتف الذكية https://t.co/VlqsypwveK
7.86E+17,neutral,@sarraht_ قصدك خبره ف اجهزة اللاب توب ولا نظام ويندوز 10
7.86E+17,negative,@intstellarburst @Es2all دى مشكله عموما ف ويندوز 10 كله غيرى النسخه وخليها 8 احسن
7.86E+17,neutral,كيفية الحصول على تنبيهات هاتف أندرويد من خلال ويندوز 10: تستطيع الآن الح... https://t.co/fLoe44WNZn #ملوك_التقنيه #تقنيه
7.86E+17,neutral,ي جماعه اللي عندو خبره ف الكمبيوتر.. انا عندي ويندوز 10.. حاطط باسورد كتابه من زمان اوي..  وكنت بستخدم اللي هوا باسورد الصوره ده..
7.86E+17,negative,نزلت ويندوز 10 ولسه بقول هييه لقيته 32 bit والجهاز 64 
7.86E+17,neutral,"قائمة ابدأ الصغيرة"" الجديدة في ويندوز 10 نسخة 14942 https://t.co/BL1XaDszb3"""
7.86E+17,neutral,ويندوز 10 بمساحة تخزينية أقل من أنظمة مايكروسوفت السابقة https://t.co/EOyj5d2Mo6
7.86E+17,negative,@ArabGameNetwork جهازي ويندوز 10 كانت فيفا تشتغل لكن بعد ما فرمت الجهاز معاد اشتغلت  العاب الستيم تشتغل لكن فيفا 16 و17 ما يشتغلن وش الحل
7.86E+17,neutral,شرح إعدادات النظام System Settings في ويندوز 10 https://t.co/gcl3CbhHDC
7.86E+17,neutral,"RT @iAl7ob: ،وأخيراً تحديث كامل لبرنامج الرسامالشهير على نظام ويندوز 10https://t.co/UfQ9kgpp0Z https://t.co/aEI9ap9rl0"
7.86E+17,neutral,بالصور .. طريقة الترقية إلى ويندوز 10 https://t.co/xO5wVNZh99
7.86E+17,neutral,اللي جرب ويندوز 10 و ويندوز 7 أيهم أفضل أداء وسرعة للأعمال المكتبية ؟
7.86E+17,neutral,لا بس ابديت ويندوز 10 وانه بقي فيه ابليكيشنز للفيس وتويتر والماسنجر والحاجات دي حوار والله شابوه فشخ للي عمله.. حاجة موبايل خالص :D
7.86E+17,positive,@iSaaso مايكروسوفت مع ويندوز 10 تسير في الطريق الصحيح نتمنى تستمر ولا تغير ما بدأت.
7.86E+17,neutral,كيفية حذف كلمة سر دخول ويندوز Windows 10 https://t.co/VoIsvSBoIU
7.86E+17,neutral,كيفية الغاء كورتانا المساعد الشخصي في ويندوز Windows 10 https://t.co/iokRWdXste
7.86E+17,positive,@Mohamed85146101 مبروك عليك ويندوز 10 .. ربنا يخلهوللللللك
7.86E+17,neutral,ثلاث طرق للقيام بسوفت وير لهواتف نوكيا التي تعمل بنظام ويندوز فون... https://t.co/As6TYaVVNY
7.86E+17,neutral,أدوات مجانية لمنع تجسس ويندوز 10 على المستخدم - https://t.co/h4t5PjUm2U https://t.co/feW1kpbJ4L
7.86E+17,neutral,مدونة الملاك التعليمية: ادارة الملفات والمجلدات فى ويندوز files and folder... https://t.co/ox0oQLJQ2Q
7.86E+17,positive,حميل ويندوز 7 و 8.1 و 10 النسخة الاصلية و النهائية من مايكروسوفت بشكل قانوني وبروابط مباشرة... https://t.co/XitnRRBQpF
7.86E+17,positive,الحلقة 209: حل مشكلة عدم عمل الويفي Wifi بعد الترقية الى ويندوز 10 https://t.co/6ls3XvtMie
7.86E+17,neutral,@raayan99 على الاكس بوكس و ويندوز 10
7.86E+17,negative,@PlayStationSA @Xbox_Saudi مافيه اي عذر لمايكرو ويندوز 10 مٌعرب وفي الاكسبوكس لا عربوا فورزا 6 كتسكيته لنا 4 الى 5 حصريات نزلت وماتعربت
7.86E+17,neutral,الحاسب اللوحي Teclast X98 Plus II بنظامي #أندرويد و #ويندوز 10 و 4 غيغابايت من الذاكرة العشوائية الآن بسعر $185.92… https://t.co/2u6aggJIBw
7.86E+17,neutral,كيفية إزالة #باسورد #بيوس مختلف موديلات #لاب_توب #اسوس #Asus#ويندوز #تقنية #باسورد_بيوسhttps://t.co/sCqAWGGsmo https://t.co/EhV2oL4DyM
7.86E+17,neutral,@Microsoft_Saudi سلام عليكم التحديث من ويندوز 8.1 الى 10 مجاني للحين ؟
7.86E+17,neutral,أطالب بكليب بوورد ونص تنبؤي بالكمبيوتر. مو معقول وصلنا ويندوز 10 ومش موجود واحد فيهم ع الأقل.
7.86E+17,positive,طريقة تعطيل اي زر في لوحة المفاتيح على نظام ويندوز ومنع المتطفلين https://t.co/m2A3xAh4Xm https://t.co/EnJdBPKQQW
7.86E+17,neutral,RT @syst__em: إطلاق تحديث تراكمي برقم 14393.321 ل #ويندوز 10 المكتبي والهواتف
7.86E+17,neutral,4 طرق لحذف الملفات المستعصية من الحذف في ويندوز بدون برامج: احياناً قد تواجه مشكلة في حذف إحدي الملفات علي نظ... https://t.co/s9Z7WMF1x0
7.86E+17,neutral,شرح فيديو مهم جدا حل لمشاكل الكومبيوتر كيف تقوم بتصليح أخطاء ويندوز 7 و 8 و 10 بضغطة زر واحدة… https://t.co/DxNZKA5vEN
7.86E+17,neutral,صورة مسربة لـ ويندوز فون 10 توضح شكل الأيقونات الرئيسية https://t.co/KYJf14XzXg
